,amoA.001,amoA.002,amoA.003,amoA.004,amoA.005,amoA.006,amoA.007,amoA.008,amoA.009,amoA.010,amoA.011,amoA.012,amoA.013,amoA.014,amoA.015,amoA.016,amoA.017,amoA.018,amoA.019,amoA.020,amoA.021,amoA.022,amoA.023,amoA.024,amoA.025,amoA.026,amoA.027,amoA.028,amoA.029,amoA.030,amoA.031,amoA.032,amoA.033,amoA.034,amoA.035,amoA.036,amoA.037,amoA.038,amoA.039,amoA.040,amoA.041,amoA.042,amoA.043,amoA.044,amoA.045,amoA.046,amoA.047,amoA.048,amoA.049,amoA.050,amoA.051,amoA.052,amoA.053,amoA.054,amoA.055,amoA.056,amoA.057,amoA.058,amoA.059,amoA.060,amoA.061,amoA.062,amoA.063,amoA.064,amoA.065,amoA.066,amoA.067,amoA.068,amoA.069,amoA.070,amoA.071,amoA.072,amoA.073,amoA.074,amoA.075,amoA.076,amoA.077,amoA.078,16S,fert_level,crop,timepoint,doe,addition,field_rep
2b,22.70657068,40,21.35182477,21.58025775,20.03496178,22.32520874,40,20.48577079,22.19208848,22.3288299,20.86869992,18.25762822,21.64643647,21.40720104,21.44517352,19.90333769,40,22.13894326,40,22.23253508,40,20.71417522,40,20.32493853,19.98500369,21.92355792,21.97524526,40,40,40,40,22.56125227,22.91497085,40,22.99421442,21.81894098,40,40,18.77418874,40,40,40,21.49094722,40,40,40,40,40,40,40,20.37089742,20.28485806,40,21.98305061,21.69731953,40,21.63917453,21.72716425,40,40,40,40,21.8103313,40,40,20.36946494,40,40,40,40,40,40,40,21.88533257,40,40,40,40,12.58732121,0,corn,b,5,carbon,1
35b,22.32705543,40,21.7891893,22.93456035,21.01934608,22.2461895,40,40,20.70009035,22.91716232,21.25374442,19.34874451,40,21.64603803,22.59463737,21.8542963,40,40,40,40,40,40,22.94318116,40,21.88102859,40,40,40,40,40,40,40,40,22.9761574,40,21.14597592,40,40,19.44394728,40,40,40,40,40,40,40,22.92559561,40,40,40,22.75168414,22.13065322,40,22.42972616,22.79587907,40,21.75029957,40,40,40,40,40,40,40,22.46704077,22.11646485,40,40,40,40,40,40,40,40,40,40,40,40,12.48911198,0,corn,b,5,carbon,4
52f,40,40,40,40,21.03393939,40,40,40,40,40,21.85056787,18.71427458,22.0351544,40,40,20.84118826,40,40,40,40,40,21.71877506,22.66137802,22.50958511,21.15411532,22.76144352,40,40,40,40,40,22.84293689,21.74029509,21.84989112,40,22.86148816,40,40,18.69047364,40,40,22.71476321,22.48420409,40,40,21.79987512,40,40,21.81307055,22.10310883,22.96043972,22.34976405,40,40,22.52315489,21.57713557,22.07796586,22.29870714,40,21.48791328,40,40,40,40,40,21.99182865,40,40,40,40,40,40,40,40,40,40,40,40,13.6545151,0,mxg,f,87,control,2
34f,40,40,40,40,20.32134769,40,40,22.51825695,21.90290407,40,22.47463714,19.52644656,40,40,22.65729525,22.88757079,40,40,40,40,40,40,40,40,22.2290502,40,40,40,22.5572259,40,40,22.2871445,40,40,40,40,40,40,20.49313335,40,40,40,40,22.91136837,40,40,22.13405815,40,40,40,22.4729908,40,40,40,40,22.94145393,21.02183158,40,22.65945873,40,40,22.73666831,40,40,40,21.56123082,22.64300227,40,40,40,40,40,40,40,40,40,40,40,13.08556828,0,corn,f,87,control,4
16f,22.39138643,40,22.42540765,40,19.97216628,40,40,21.96345749,19.95246287,40,20.76332999,18.5613792,21.13849221,21.96183153,21.7301184,19.68905003,22.68608376,21.46154588,22.48013227,21.14170548,40,20.80927658,40,21.89509033,20.53864339,20.63835774,20.50339135,40,22.87377225,40,40,22.03968229,21.43395011,21.43531263,40,22.30383265,21.93367107,40,18.49038825,22.95127899,22.78368369,22.22715606,20.41417877,22.73899126,20.00573641,21.24995332,20.2224784,40,21.28920229,21.41104889,21.39289104,20.1103523,22.881233,22.84155706,22.59043387,20.98454395,20.65159415,40,21.34067358,20.53865562,40,40,40,40,22.9921592,20.35310541,40,40,40,21.98485795,40,21.74799867,40,22.9857225,40,40,40,40,14.05409346,336,corn,f,87,control,2
53f,40,40,22.98309696,40,22.47624269,40,40,40,21.51576653,40,22.27372283,18.42726235,40,40,40,21.5368247,22.41200001,40,40,21.83628421,40,21.26660608,40,40,21.98861109,22.18864914,21.99697179,40,40,40,40,40,22.5375753,40,40,40,22.99433958,40,18.79244613,40,40,40,22.47724139,40,40,40,40,40,40,40,20.73121636,21.53416462,40,40,40,40,20.7640044,40,22.9314708,40,22.70066052,40,40,40,40,21.8814684,22.56228572,40,40,40,40,40,40,40,40,40,40,40,13.41844024,0,mxg,f,87,carbon,2
15f,21.54145768,40,40,40,21.16051466,40,40,40,21.10036789,40,21.03060925,19.04196679,22.59654058,40,40,22.25072953,40,40,40,40,40,20.73730359,40,40,20.35455667,21.48651224,21.54632092,40,40,40,40,21.87252221,21.94251128,40,40,22.35604617,20.13599905,40,19.12804022,40,22.97181743,20.36235577,40,40,19.8233253,40,40,40,21.74996076,40,21.94087235,21.3930842,40,40,40,21.79453059,20.50411276,40,40,22.66942414,40,40,40,40,40,21.60822861,40,40,40,21.26548386,40,40,40,40,40,40,40,40,14.69120732,336,corn,f,87,nitrogen,1
63b,40,40,40,40,20.27728874,40,40,40,21.01724141,40,20.43653888,18.73643428,40,22.39029135,20.47332352,21.98371102,22.40928849,40,40,40,40,20.35670359,21.01179874,21.34176616,22.68670503,22.93559383,40,40,40,40,40,22.49875299,40,40,40,20.95432137,40,40,18.79165171,40,40,40,22.12758924,22.5022325,40,22.90945528,22.13006407,40,40,40,20.95351254,21.10151407,40,40,40,22.90681842,22.50126421,22.04860181,22.19781245,40,40,40,22.77094021,40,40,20.94813636,22.24477991,40,40,40,40,40,40,40,40,40,40,40,12.86680832,0,mxg,b,5,nitrogen,3
3b,40,22.09510436,21.5662706,40,20.26196358,40,40,21.90928896,19.81975052,21.21425504,19.69299822,18.55399291,21.37350676,40,20.3090622,21.47319717,22.06743437,40,40,21.45818497,40,20.68075545,21.53102481,21.5670957,20.54335715,40,22.08778145,40,22.45916257,40,40,21.36870219,40,22.05176677,22.6920943,21.74046098,40,40,18.47281774,40,40,40,21.62715809,40,40,40,40,40,40,40,20.87327025,19.72506622,40,21.78986357,22.07210259,22.48536,19.71820687,20.70954403,21.78293307,40,40,40,22.60883833,40,40,20.77125707,40,40,40,40,40,40,40,40,40,40,40,40,12.6002062,0,corn,b,5,nitrogen,1
29f,40,40,40,40,22.62384852,40,40,22.91119092,21.99732745,21.72860462,20.84053224,18.8039686,40,40,21.52417465,40,40,40,40,40,40,22.81662103,40,22.21908547,40,40,22.94551077,40,22.5916954,40,40,21.94313523,40,22.68184866,22.47860216,40,40,40,18.97015105,40,40,40,40,40,40,40,40,40,40,40,40,20.38507352,40,22.74775808,22.22987949,40,22.07563431,40,40,40,40,40,22.49089625,40,40,20.93618119,40,40,40,40,40,40,40,40,40,40,40,40,13.21299277,0,corn,f,87,carbon,3
68f,40,22.91487678,22.05335677,40,21.34950074,40,40,22.40756297,40,40,21.87391318,18.45788693,22.98536841,22.44916681,22.1978163,21.71545486,40,40,40,40,40,22.13583083,40,22.12544682,21.97287532,40,40,40,40,40,40,22.14739446,40,40,40,40,40,40,18.52039817,40,40,40,20.56377465,22.19398957,40,40,40,40,40,40,21.63438386,20.8940471,40,40,22.42842276,22.75538321,20.93883473,21.86774293,21.45277884,40,40,40,40,40,40,22.07169442,40,40,40,40,40,40,40,40,40,40,40,40,12.83783761,0,mxg,f,87,carbon,4
29b,40,40,22.49411078,40,21.22054906,40,40,40,21.9582921,22.01921226,20.65926932,18.52483808,40,21.880403,22.61009704,22.05698763,40,40,40,40,40,22.04014663,22.09447961,40,21.15392301,40,22.76123866,40,40,40,40,40,40,40,21.41839815,22.10325578,40,40,18.82294289,40,40,40,21.88635138,40,40,40,40,40,40,40,20.94776494,22.74888065,40,40,40,40,20.97472074,22.92749284,22.60120022,40,40,40,40,40,40,20.74868314,40,40,40,40,40,40,40,40,40,40,40,40,12.79586124,0,corn,b,5,carbon,3
69b,40,40,22.08798183,40,21.40394545,22.76361994,40,21.80840276,21.82383866,40,20.78294487,18.96789411,22.38160468,22.19181211,22.21855614,21.32225507,40,40,40,40,40,20.89809596,40,21.1812792,20.73062037,22.5890329,40,40,40,40,40,40,40,22.89702234,40,40,40,40,19.65470866,40,40,40,22.58236267,40,40,40,40,40,40,40,21.43389093,21.55056476,40,40,40,40,21.20784209,22.48016014,22.98827576,40,40,40,40,40,40,21.66136534,40,22.79560666,40,40,40,40,40,40,40,40,40,40,12.67972158,0,mxg,b,5,nitrogen,4
23f,21.07194896,22.77746979,22.99846092,40,19.00697586,40,40,19.42105487,18.56432636,21.72833221,19.14250896,18.37502572,20.43437801,20.94213267,19.95979027,18.54290277,21.50241505,22.22625755,40,20.51010113,40,18.84008862,20.59310825,19.23667977,19.14264848,21.35656449,20.32146182,40,21.62783174,40,22.45353983,19.65633033,40,22.04877947,21.03290947,20.34342541,21.66862633,40,18.42184098,40,40,40,19.67821646,22.65858494,40,40,22.59987078,40,40,40,19.27192045,19.39633295,40,21.06665268,20.662132,21.1539431,19.28422877,19.71442303,20.43161258,21.27838146,21.95652118,40,40,40,40,19.16860375,21.19453998,21.396443,40,40,40,22.86539629,40,21.71663818,40,40,40,40,13.22177899,336,corn,f,87,carbon,3
34b,40,22.75827083,40,40,22.06746108,40,40,22.19601603,21.94506388,22.52069796,21.75444112,19.54722607,40,22.19279385,40,21.75929702,40,40,40,40,40,22.23975084,22.10121395,40,22.90713277,40,40,40,40,40,40,40,40,40,40,21.63789923,40,40,20.06835025,22.92598501,40,40,40,40,40,40,40,40,40,40,40,21.92071944,40,22.79948526,22.49094233,40,40,22.73848307,40,40,40,40,40,40,40,21.59026731,22.38969468,40,40,40,40,40,40,40,40,40,40,40,12.42545534,0,corn,b,5,control,4
63f,40,40,40,40,20.67781877,22.9695884,40,20.80134572,20.89388891,22.26510826,21.59748871,18.45956689,40,40,21.02264451,22.26249245,40,40,40,40,40,21.64735508,22.38232623,40,21.3817593,40,21.9721697,40,40,40,40,21.53222362,40,40,40,22.17079089,40,40,19.12741588,40,40,40,21.22780751,40,40,40,40,40,40,40,21.50253776,40,40,40,22.12274807,22.93727029,21.22971947,22.337035,21.72421412,40,40,40,40,40,40,22.7474577,40,40,40,40,40,40,40,40,40,40,40,40,13.0449028,0,mxg,f,87,nitrogen,3
50f,40,40,40,40,20.6149391,21.64633244,40,40,21.25174492,21.82761111,22.78576578,19.19960629,40,21.91206858,40,21.42191588,40,40,40,40,40,40,22.07325923,40,21.87832624,40,21.4803375,40,21.62414078,40,40,22.55767694,22.63794862,21.37158417,40,22.10674473,22.88648465,40,19.29061767,22.54091739,40,40,21.97888567,40,40,40,40,40,40,40,20.92750442,21.83848048,40,22.60838366,40,40,21.84687884,22.8350348,22.21420781,21.6953381,40,40,40,40,22.09104766,21.59302821,21.47211813,40,40,40,40,40,40,40,40,40,40,40,13.12126171,0,mxg,f,87,carbon,1
66f,22.66993927,21.80971404,21.75159716,40,19.12795811,40,22.89993444,22.82677134,20.8412978,21.49821524,18.9672293,18.34563896,21.11762441,20.4419532,20.44581441,19.49014181,21.45534261,21.20388429,22.14710185,20.70148819,40,19.6943635,20.75056942,21.86674163,19.90314827,20.99384578,21.64814516,40,20.16427281,40,40,21.9293013,20.94727973,19.90338629,40,20.79349279,19.77609748,40,18.4729702,40,21.48948797,20.23728602,20.6125484,21.35754394,20.30582156,19.45749292,19.83293809,40,19.88356617,40,19.67621494,19.06363002,20.91122047,20.87237479,22.00620142,19.9727211,19.24158235,21.12365656,22.04220031,21.91599076,21.66094467,22.34357338,22.34124364,40,21.67897164,20.5011159,21.7748434,22.62149627,40,21.66084892,40,22.5075344,40,20.99663292,40,40,40,40,14.27042544,336,mxg,f,87,nitrogen,4
69f,40,22.46031554,22.81403822,40,20.64754697,40,40,40,20.48519446,22.12691643,21.53206704,18.8514804,22.40840255,40,22.9526908,21.69687654,40,40,40,40,40,21.60418184,21.33108504,40,21.55785222,40,22.72512999,40,40,40,40,21.99407616,40,40,40,40,40,40,19.6056261,40,40,40,22.77997637,40,40,40,40,40,40,40,21.74994265,21.1293002,40,40,40,40,21.63028875,40,40,22.21969807,40,22.86895996,40,40,40,22.05764146,22.8738249,40,40,40,40,40,40,40,40,40,40,40,12.87194866,0,mxg,f,87,nitrogen,4
36b,40,40,22.18962493,40,21.71001094,40,40,22.87645449,22.15360099,22.47770732,21.22823426,19.90003536,40,21.42057743,21.92620232,21.70981115,22.72133602,22.08790335,40,40,40,21.50197775,21.42170257,40,22.80848598,22.74043663,21.4804455,40,21.36779093,40,40,22.36326055,40,40,21.85266924,20.99543103,40,40,18.9763008,40,22.72551198,40,40,22.4310241,40,40,40,40,40,22.26179478,21.7124826,22.06721846,40,40,22.87505319,40,20.6311185,22.31637398,22.53017832,21.86276682,40,40,40,40,40,22.34813178,40,40,40,40,40,40,40,40,40,40,40,40,12.6688707,0,corn,b,5,nitrogen,4
44f,40,40,40,40,20.96695242,40,40,40,21.49398699,40,40,19.2339546,21.75517138,40,22.30520164,20.99670087,40,40,40,21.91657439,40,22.7830212,40,40,21.50722894,22.93489756,21.50621247,40,40,40,40,40,22.99366939,40,40,40,21.10898259,40,18.56412067,40,40,20.75740599,22.82949636,40,20.87209169,21.50477729,20.78968118,40,22.49244964,40,21.5431155,21.01372842,40,40,40,21.40039138,21.96983371,40,40,22.2179624,40,40,40,40,40,20.67733268,40,40,40,40,40,40,40,40,40,40,40,40,14.76367338,336,mxg,f,87,carbon,2
23b,21.7103483,22.4309076,20.04604291,40,17.78769339,40,40,19.30000672,18.73495553,20.12877222,19.18548458,18.25998486,19.26653482,19.84711134,19.10392721,19.07657469,21.45229694,22.11707165,40,19.5225278,40,18.32144989,20.13895169,19.44613381,18.82719688,40,20.78155435,40,40,40,21.94115294,19.85442206,40,21.8207936,22.61550263,21.01117054,20.85188215,40,17.90724374,40,40,40,19.29416646,21.85491701,40,40,22.92308038,40,40,40,20.3501029,18.78704114,40,20.99075431,20.28926575,20.30469048,18.90043564,19.39631434,19.94505909,19.93405334,22.37032961,40,40,40,40,18.93567946,21.34034028,20.41812004,40,40,40,40,40,21.88295186,40,40,40,40,12.58439819,336,corn,b,5,carbon,3
17b,40,40,20.94258878,22.01724226,19.24798093,40,40,40,19.38988273,21.56549538,19.19262688,18.43864132,20.79098044,21.56463174,20.90968047,19.16958404,21.6752857,22.82121549,40,20.25272794,40,20.29253182,22.02384343,22.74689046,19.32709922,19.9673317,19.72255595,40,20.88311736,40,40,21.23193367,19.6532698,19.59632391,22.87053382,20.62750158,20.62682678,21.51369533,18.14811478,40,21.03651647,20.50351685,20.27668347,40,19.43282314,22.68857613,20.23712685,40,19.72555069,21.79675523,19.82779583,19.84619251,40,40,40,19.93174142,19.90781228,22.28670309,22.16655315,20.60930231,40,22.60497518,22.0396382,40,22.19776689,20.35004208,22.03161774,40,22.48581049,19.93052431,40,22.50114005,40,22.42010373,40,40,40,40,13.03641926,336,corn,b,5,carbon,2
8b,22.55950512,22.7150091,40,40,22.27677778,40,40,40,40,40,21.18822672,18.86883399,40,22.66267434,40,20.30378031,40,40,40,22.51189174,40,40,21.91197394,22.74016717,21.22750837,40,21.19601259,40,40,40,40,40,40,22.43192316,40,40,40,40,18.92526998,40,22.90028863,40,21.74367394,40,21.07500065,21.5703542,21.78837888,40,22.09047464,21.4358307,22.02276271,22.58152966,40,22.66750409,40,21.11802734,21.66255823,40,40,21.91971164,40,40,40,40,40,40,40,40,40,40,40,40,40,40,40,40,40,40,12.71722833,0,corn,b,5,carbon,2
27f,21.8571527,20.68315533,19.88201228,40,18.8529468,40,40,19.96865336,17.97515437,19.97819394,19.05282237,18.07025913,19.52307754,20.37371839,19.06294101,19.02080396,21.72715272,22.02628811,21.16229953,19.71889423,40,18.83741508,20.57171496,19.42657528,18.5984552,19.70454499,19.52793031,40,40,40,20.59008999,20.27257256,21.83094492,21.61571767,21.28355565,20.45192221,21.70275924,40,18.71581809,40,40,40,19.32589785,40,21.95900741,22.07491807,22.13240151,40,40,40,19.14551436,18.75822714,40,22.04910419,21.67538307,19.76393408,18.5564423,19.87282834,20.53911408,20.61029214,20.48097229,40,21.58956987,40,22.0627176,19.01133378,21.31934571,20.24607431,40,40,22.36013363,40,40,20.507899,40,40,40,40,13.06024015,336,corn,f,87,nitrogen,4
18b,21.22230376,22.38460419,20.68072192,40,19.82489092,22.48826606,40,40,19.48814302,21.03535436,18.90349285,18.36626619,22.59169741,22.33338149,20.02205898,20.07341515,20.92069093,21.21588615,22.79460742,20.8677124,40,19.52094779,40,21.12853201,19.150227,20.63551386,19.24604575,40,20.04951618,40,40,21.70889207,20.20009218,21.56891826,22.96064616,40,21.55618128,40,18.6890572,40,22.52434294,20.39586778,20.19941903,21.7169009,19.55101786,19.05701213,19.8623888,40,18.85762337,21.74067317,19.25450126,19.73415051,40,22.25131432,21.45854233,19.76877035,19.40388359,22.02112172,21.20454685,20.83469193,40,22.63727426,40,40,22.34152506,19.54086149,22.63581605,22.72675217,40,20.36782146,40,22.06459529,40,22.62213091,40,40,40,40,13.19299302,336,corn,b,5,nitrogen,2
2f,40,40,22.27419281,40,20.89160248,40,40,21.19939478,20.29835607,22.8303221,20.70279282,19.83709165,22.07968677,21.80792182,20.44591523,20.56838665,40,22.33636218,40,40,40,22.44917922,20.8323877,40,19.81249868,22.9100927,22.14951155,40,40,40,40,21.25252218,40,21.69194664,22.73773503,21.60326971,40,40,19.44211802,40,40,40,22.11264536,21.86787274,40,40,40,40,40,40,21.99999018,20.51410693,40,40,22.74722158,22.50847358,20.52057291,40,21.58224072,40,40,40,40,40,40,20.97914158,40,40,40,40,40,40,40,40,40,40,40,40,13.02439376,0,corn,f,87,carbon,1
38b,19.83018581,20.15124339,19.42249451,20.29932222,17.80187131,40,22.5631028,18.41010401,18.07251969,19.90013876,18.22795047,18.09374291,19.03067525,19.01148747,18.15408424,17.98314934,18.75405297,20.43721714,40,19.05707276,40,18.25238642,19.04036751,18.69731991,17.93763224,20.36575261,19.86263377,40,22.15440734,40,22.16611154,19.33578486,22.1642338,19.65401342,20.1942061,19.11280418,20.62497174,21.99112628,17.62540078,40,40,40,18.94361759,20.08661053,40,40,21.25853582,40,40,40,18.24084383,18.40361975,21.63269919,20.10996209,18.84830882,19.61270103,17.82700886,18.30896697,19.03710432,20.70293897,20.31657621,21.58569872,19.85595599,40,20.86005799,18.78100688,19.24986921,19.35464472,40,40,21.72914029,40,40,19.41851408,40,40,40,40,12.57514543,336,mxg,b,5,carbon,
27b,22.12191665,22.47202543,20.96283098,40,18.0678983,40,40,19.38801948,18.48104408,20.43930863,18.43576915,18.14564887,20.48302191,20.42391518,18.99266985,18.47183792,20.17275759,21.34303441,22.37344875,20.61870051,40,18.3989192,20.02042447,19.87637178,18.23308216,20.44748393,20.51882875,40,40,40,21.69447293,19.96412683,40,40,20.62819231,22.07839584,22.22688734,40,18.00926224,40,40,40,19.79164677,22.5208598,40,40,21.9882257,40,40,40,18.93805481,19.68990895,40,22.01748251,20.09292402,20.10365061,18.48730225,19.74694871,21.34720587,21.35906243,21.28863139,22.78295094,20.62794324,40,22.46597659,19.62133859,20.4518666,20.98626077,40,40,40,22.82423785,40,19.96061332,40,40,40,40,13.06536717,336,corn,b,5,nitrogen,4
8f,40,40,40,40,20.11806929,40,40,40,20.3797462,40,21.39254945,18.41946273,22.58288703,40,40,21.81699596,40,40,40,40,40,40,40,40,40,40,40,40,40,40,40,40,40,21.96958308,40,40,40,40,18.72239212,40,22.31814699,40,22.7977545,40,40,40,40,40,22.6510178,40,40,20.95543392,40,40,40,40,40,40,40,40,40,40,40,40,40,40,40,22.74386384,40,22.81486822,40,22.88066243,40,40,40,40,40,40,13.40555586,0,corn,f,87,carbon,2
9f,40,40,22.71673107,40,21.64141627,40,40,22.44667333,20.99211241,40,20.52163381,18.05455869,40,40,22.66119602,40,40,40,40,22.59692808,40,22.20018694,40,22.09531312,21.16917952,40,22.95422834,40,22.39250374,40,40,40,22.45537746,40,40,22.5309721,40,40,18.51041772,22.88781042,40,40,40,40,21.69747277,22.5945463,20.25388983,40,21.63614663,40,40,21.66357605,40,22.43556143,21.89142376,21.7169119,20.459708,22.49470055,40,22.69574483,40,40,40,40,40,20.76171569,22.84728927,40,40,40,40,40,40,40,40,40,40,40,13.28123784,0,corn,f,87,nitrogen,2
54b,22.7369815,40,22.46387569,40,20.94342558,22.63077125,40,40,22.06293831,40,21.81699134,18.581978,22.77438953,21.42312546,22.33982036,21.4197973,40,40,40,21.64429911,40,40,40,40,20.80252617,21.33417099,22.10652992,40,40,40,40,40,40,22.17749942,40,21.65073139,21.92850906,40,18.62490197,40,21.43982596,22.35477063,22.50424158,22.14455073,21.30437533,21.49578539,22.00609397,40,21.9712503,40,20.111842,22.95749138,40,20.42253423,40,21.32639849,21.0725852,21.07105534,40,21.02102351,40,40,40,40,40,40,21.88916019,40,40,21.55891817,40,40,40,40,40,40,40,40,13.24166705,0,mxg,b,5,nitrogen,2
26f,20.72621538,21.22430583,20.12541157,22.64253692,19.06483561,40,40,19.67568906,18.61139162,20.45346229,19.10573877,17.85372791,19.37144161,19.68381515,18.64288731,19.12447965,20.7837359,21.5399355,21.7632241,20.21719373,40,18.64225742,20.5195219,18.9519796,17.98157884,19.50228677,20.08421775,22.9753214,40,40,21.73437236,19.06971574,22.9314029,21.5473007,20.37401923,20.30087984,20.94635791,40,18.02863845,40,40,40,19.28427278,40,40,22.87484619,20.65890115,40,40,40,19.43082513,18.89452243,40,21.55235612,19.87053392,20.73460193,18.75766108,19.25736023,19.92963075,20.67046446,21.98945969,40,22.8104096,40,22.538435,18.94664547,21.62153094,20.26584033,40,40,40,22.71408895,40,19.71554412,40,40,40,40,12.94922036,336,corn,f,87,carbon,4
65b,21.97637356,40,19.55794803,20.89258972,18.62151307,40,22.97499935,20.54900851,18.95228289,21.25706436,19.5477252,17.99233214,21.6990126,20.06769165,20.54645664,18.82672682,20.98378612,20.66119976,40,20.16826753,40,19.98009865,21.71131832,20.95782744,19.46645679,19.9092004,20.15974612,40,19.99993316,40,40,21.39688017,20.71821305,19.55955761,21.43701368,20.72534859,20.33250866,40,18.07443036,21.38310323,22.67662934,20.70875956,20.94434995,21.84682836,19.82918265,20.07505274,20.01073884,40,20.12166768,22.93927659,19.01673431,19.239332,21.53494446,20.9492627,21.10798119,20.64544803,18.92044244,20.17140803,20.8927664,19.86026891,21.49501657,20.93487801,40,40,40,19.27809979,21.46542965,22.66458174,21.4404771,19.27419704,40,40,40,22.10915963,40,40,40,40,13.32819182,336,mxg,b,5,carbon,4
39f,20.83807566,21.19287557,19.79541514,22.26785758,18.7310006,22.48116147,40,18.68935414,18.25140981,19.57422236,19.00637387,17.72619374,18.87409363,18.94061395,18.89504037,18.1131633,19.61257402,20.70135449,40,19.3401026,40,17.96404748,19.24415942,19.22394006,18.09199975,19.7749939,20.78166935,40,22.1045661,40,20.75328445,20.09271163,21.33484318,21.69699864,20.67359423,20.07975759,20.74430495,40,18.44975328,40,40,40,18.97692733,20.42046157,40,21.95857968,20.83127834,40,40,40,19.2331556,17.99306631,22.53499729,20.60487086,19.04965018,20.84482307,18.17388644,19.6360073,19.64834819,20.45761532,20.43614123,22.93493182,20.21965845,40,21.11839743,18.73021047,19.60179904,20.67635059,40,40,40,22.82216482,40,19.65130143,40,40,40,40,12.91000845,336,mxg,f,87,nitrogen,1
56b,19.98721776,21.18032388,19.96867372,21.01992462,17.33968749,40,21.67280565,18.38196252,17.41523835,19.20724104,17.25643475,17.43988523,18.61229801,18.48464767,18.28910264,17.99989294,19.21058602,19.42166592,21.46883118,19.98376819,40,17.80324266,19.21424822,18.71053502,16.91381708,19.31098211,19.49440478,40,20.40880098,40,20.95824535,19.22691521,22.66697818,19.98887931,19.83968933,19.05797365,21.2011347,40,17.43014509,40,40,40,18.17583479,20.53641859,40,21.97478418,20.25488997,40,21.98370367,40,17.82949676,17.69246113,20.96584255,20.23172066,18.77240245,19.39197235,17.4312697,18.89906051,20.20794601,20.80907305,20.32432362,20.40611096,21.76473117,40,19.89603336,18.29026514,19.15888797,19.70558955,40,40,20.50887891,22.85522414,40,18.99386241,40,40,40,40,12.32026596,336,mxg,b,5,carbon,3
14b,40,40,40,40,20.41035254,40,40,40,19.89352344,40,19.77575361,19.41525024,21.21361129,40,22.02230829,20.38588088,40,21.67914923,22.6628685,20.3265497,40,20.82514218,40,22.48427858,19.65902874,21.3484811,21.30658281,40,40,40,40,22.85532552,20.50062182,20.76069011,40,40,21.34898555,40,19.07153306,40,21.88949438,40,21.13768355,21.85098446,18.82688414,19.57512785,20.08058563,40,21.0025214,40,20.04599529,20.13755639,40,22.77737091,40,20.12638737,20.96447288,21.02163545,40,22.29385626,40,40,40,40,40,22.16839397,22.83476401,40,22.76877644,19.76715677,40,40,40,40,40,40,40,40,13.35239059,336,corn,b,5,carbon,1
13f,40,40,40,40,22.26831311,40,40,40,22.03798983,40,20.8100192,19.00243484,20.80890012,40,22.86943527,20.73764695,22.90415788,40,22.05096893,40,40,40,40,40,20.45064222,22.99676554,40,40,40,40,40,40,22.33769443,22.07863604,40,40,40,40,18.846126,40,22.16064649,21.34813353,21.82202668,40,21.96004359,22.25396545,40,40,40,22.76123902,22.75739428,21.63344673,40,40,40,22.54356832,40,40,40,40,40,40,40,40,40,40,40,40,40,22.07569207,40,40,40,40,40,40,40,40,14.80674369,336,corn,f,87,control,1
61b,40,22.76077022,40,40,20.94783106,22.50714745,40,21.36722272,20.54227495,40,20.33611932,18.76257202,22.62131055,21.72465955,20.55672319,20.76803984,40,40,40,22.49687026,40,21.24844735,40,40,21.28970722,40,21.37075092,40,40,40,40,40,40,22.8937597,22.37830524,22.15357143,22.6360014,40,19.3344878,40,40,40,21.86839897,40,40,40,40,40,40,40,21.62610299,22.08707894,40,40,21.061405,40,22.39248817,21.12400507,20.5664752,40,22.7177365,40,40,40,40,40,40,40,40,40,40,40,40,22.70987023,40,40,40,40,13.18804664,0,mxg,b,5,control,3
28f,22.80141339,40,40,40,40,40,40,40,22.58789233,22.45734646,21.69216879,19.19509662,40,40,21.80525578,22.95470493,40,40,40,40,40,40,21.93098624,22.56908842,21.90444786,40,40,40,40,40,40,22.93321345,40,40,40,22.71847559,40,40,18.97605372,40,40,40,22.25256354,40,40,40,40,40,40,40,21.75514562,40,40,22.31778022,40,40,40,40,40,40,40,40,40,40,40,22.60628431,40,40,40,40,40,40,40,40,40,40,40,40,13.38691617,0,corn,f,87,control,3
55f,20.56276805,20.62938371,19.93095155,21.59222079,18.02030641,22.16724548,40,18.69035722,17.79770454,20.18350306,17.90740227,17.26191037,19.15841172,19.1609482,18.17950193,18.43122342,19.46636102,20.82207291,22.16313096,20.05036775,40,17.96001246,19.52187669,19.04715726,17.78662298,19.41218885,19.55545023,40,21.04607864,40,20.99979859,18.82066073,21.86897059,20.53008668,20.24260891,19.8007516,20.66921914,22.35686049,17.82698962,40,40,40,19.51857946,20.17878955,40,22.00724901,20.7548296,40,40,40,18.04985267,18.62998764,40,19.94726618,20.36615851,21.23242289,17.85635099,19.79166025,20.72116523,21.16070137,20.73556468,21.10343308,20.56762644,40,40,18.52232962,20.21607435,20.15049195,40,40,22.17504243,22.70835182,40,19.70797962,40,40,40,40,13.25331883,336,mxg,f,87,control,3
68b,40,40,40,40,20.83368474,40,40,21.59479336,21.0326233,40,21.12899904,19.38297417,22.42212743,22.23742308,21.76674791,20.88677268,40,40,40,40,40,22.63750546,40,21.65617194,21.10453306,40,40,40,40,40,40,21.52507625,40,40,40,40,40,40,19.61729956,40,40,40,21.88923622,40,40,40,40,40,40,40,21.51727553,22.43944852,40,40,40,22.53115855,21.73763981,40,40,40,40,40,40,40,40,21.97887087,40,40,40,40,40,40,40,40,40,40,40,40,12.81330551,0,mxg,b,5,carbon,4
36f,40,40,40,40,22.51256793,22.11819962,40,40,22.54199414,22.98797231,40,18.83171771,40,40,40,22.21845503,40,40,40,22.86555169,40,22.82000828,40,40,40,40,22.81871633,40,21.80485091,40,40,40,40,40,22.97734206,22.39975266,40,40,18.72679568,22.77890651,40,40,40,40,21.25320466,22.93010164,22.53599766,40,40,40,22.52777647,40,40,40,40,40,21.87678183,40,21.30109044,22.97142609,40,40,40,40,40,21.68249632,40,40,40,40,40,40,40,40,40,40,40,40,13.24937309,0,corn,f,87,nitrogen,4
1b,40,40,21.56296047,40,21.1310291,40,40,20.32323714,20.93632319,22.21999653,19.27470427,18.51312965,21.95137299,21.21879728,20.70473372,19.93671804,22.2176323,40,40,22.2519443,40,21.27152316,21.7108184,22.83493571,20.47686154,40,22.87123065,40,40,40,22.59531119,21.00582285,22.95832505,22.67988565,22.81609478,40,22.58248915,40,19.03328923,40,40,40,21.50514174,40,40,40,40,40,40,40,21.00420159,20.5872672,40,22.03896981,21.88297096,40,20.41905358,21.27813982,40,40,22.67135057,40,40,40,40,20.79319263,21.58094391,40,40,40,40,40,40,21.42861039,40,40,40,40,12.66555664,0,corn,b,5,control,1
1f,40,22.47649051,20.83689011,40,21.11004441,40,40,20.91128056,20.37068412,22.44231919,19.99968948,18.31271056,22.48085484,22.35722052,20.2584988,20.28639393,22.51648002,22.83471202,40,40,40,20.811932,21.96087227,20.32752632,19.85346976,40,21.80801452,40,21.9191103,40,40,22.66594031,40,40,22.94137043,22.13416751,22.57463062,40,18.7196757,40,40,40,22.06156908,22.71457695,40,40,22.61550356,40,40,40,21.36593249,21.14977505,40,40,21.44021489,40,20.04302464,21.02122579,21.88950117,40,22.22114343,40,22.34091848,40,40,21.49606259,22.15796658,40,40,40,40,40,40,40,40,40,40,40,12.96327386,0,corn,f,87,control,1
45b,40,40,40,40,22.66311952,40,22.41830313,22.38331444,20.42413028,40,22.98229473,18.12164339,40,40,21.96285738,20.36554211,40,40,40,40,40,20.52305879,40,22.75495243,22.10621519,22.01358004,40,40,40,40,40,21.6994754,21.39708191,21.87361144,40,22.2519696,20.4718247,40,18.59461886,40,40,22.51718675,21.83078359,40,20.43620951,20.41293269,21.79803953,40,40,40,20.94247121,20.93981693,40,40,40,20.85248253,21.96363946,22.73623558,40,22.07255503,40,40,22.79198164,40,40,20.89092364,40,40,40,20.68344717,40,40,40,40,40,40,40,40,14.44549057,336,mxg,b,5,nitrogen,2
9b,22.69055391,40,22.49406308,40,21.89456221,40,40,40,21.30423615,22.32982561,20.2121824,18.61038478,40,22.39947103,22.57490327,21.92252137,40,40,40,22.4407137,40,20.46797249,40,40,40,22.3640985,40,40,21.24090687,40,40,40,22.67501604,21.90738036,22.66393505,40,22.27967804,40,18.23454356,40,40,40,22.55442041,40,40,40,22.9785315,40,21.61602126,22.84959898,40,21.59335891,40,22.37079948,21.59379055,21.00648413,21.0313091,40,40,40,40,40,40,40,40,22.76793343,40,21.99982524,40,22.90880261,40,22.67919159,40,40,40,40,40,40,12.79873055,0,corn,b,5,nitrogen,2
43b,21.0506517,40,21.31700839,40,20.98753811,40,22.79654363,40,20.81667197,40,20.62909864,18.10362275,21.37428245,40,40,19.89024783,22.10018856,40,40,20.72715309,40,20.42537162,40,40,20.87499633,20.90502626,21.84457483,40,40,40,40,22.86897312,21.28672283,20.97696441,40,22.27791653,20.29030168,40,18.73317552,40,22.54992536,20.68802188,20.75632744,40,19.96087683,19.91825908,21.7888666,40,21.2192314,40,21.32038409,20.49698464,40,21.03765984,22.12081289,20.75341347,21.04407315,40,22.75865119,20.835221,22.79544224,40,40,40,40,20.51828174,22.898488,40,40,21.2868575,40,40,40,22.52361981,40,40,40,40,14.53028625,336,mxg,b,5,control,2
18f,22.66343995,40,21.92185271,40,20.53724139,40,22.86743299,40,21.0196676,40,20.5745499,17.921928,21.12712838,40,40,19.8968001,21.8225548,40,22.04974306,21.90845241,40,19.99380365,22.16341305,22.47196969,19.40202271,20.8542668,21.06750763,40,21.37314006,40,40,21.44670446,21.24465182,40,21.86708457,21.50156701,22.56666196,40,18.96323397,22.95999874,21.80058708,22.19911188,22.23536595,22.16653103,19.39759511,20.66111395,19.75038309,40,20.63976784,22.30042948,20.16008114,20.65208325,22.35503915,22.12741847,22.67488987,20.5171613,19.94121907,21.58981652,40,21.6444647,40,40,40,40,40,20.8708584,40,40,22.86026002,22.73458876,40,21.06388604,40,22.94415199,40,40,40,40,13.64855754,336,corn,f,87,nitrogen,2
57f,20.25068124,21.40260833,19.82698344,40,17.92524562,22.18695753,22.57113349,18.23630797,18.55363055,19.74216054,18.2747825,17.85356845,18.67019472,19.92815523,18.3147775,17.76264927,19.20473939,21.16801466,40,20.36671977,40,18.25881636,19.63767144,19.42794051,17.58623221,19.8411767,19.91038514,40,20.58662692,40,21.17934098,19.15354937,22.79801793,20.7498553,19.85773786,19.62885653,21.24509867,40,17.69585338,40,40,22.19641752,18.89781677,20.82400645,40,22.95843966,21.68086631,40,21.23586627,40,18.36929941,18.45245526,21.0558863,20.44603907,19.73699401,20.22214382,18.3144353,19.46331792,19.14950862,20.62795021,21.369871,20.51307714,21.85670074,40,20.09429554,18.64695528,20.90489059,20.15837941,40,40,21.83132354,40,40,19.80592299,40,40,40,40,13.16379372,336,mxg,f,87,nitrogen,3
49f,40,22.6737667,40,40,21.56692151,40,40,22.96135309,40,22.73746035,22.72140402,18.81816786,40,40,40,21.75211389,40,22.53709656,40,22.09898118,40,40,21.30777041,40,21.98470643,40,21.58439548,40,21.16218953,40,40,40,40,21.86493692,21.50653301,40,40,22.68347376,19.0839045,40,40,40,22.63907559,40,40,40,22.11853763,40,40,40,40,22.12088829,40,40,21.9815154,21.48903907,22.14611297,21.28713573,40,40,40,40,40,40,40,21.21906873,40,40,40,40,40,40,40,40,40,40,40,40,13.28639094,0,mxg,f,87,control,1
13b,20.92005224,40,21.94161233,40,22.16749089,40,40,40,20.02404818,40,20.80957205,18.59886312,21.54714402,40,40,19.98595162,21.72852147,40,40,21.07597977,40,20.21659367,40,40,20.13039586,21.98092644,21.04747806,40,40,40,40,21.94220165,21.20292875,21.26613502,40,22.87684134,20.33280365,40,18.66458726,40,21.87832855,20.26863018,20.40761719,22.22980184,19.53097736,20.06445424,19.93618757,40,20.47949035,40,19.80392548,20.00888456,40,21.78892137,40,19.78083021,21.1356846,40,40,21.05461159,40,40,40,40,40,21.30937828,40,40,40,20.78713979,40,40,40,22.40162103,40,40,40,40,14.31449433,336,corn,b,5,control,1
25f,20.81972376,40,19.92594648,40,18.59388919,40,40,20.87508091,18.73891726,19.74470693,19.26070823,17.76588572,19.91155964,20.71644932,18.58548664,19.5941658,20.48328119,20.36641585,22.20582353,20.21314175,40,18.64003035,20.50823782,19.54335425,18.35646117,19.68969083,19.37497578,40,21.84371634,40,21.16583077,19.77077515,40,22.02906687,21.63595496,20.76389381,21.36861874,40,17.88101828,22.39540236,40,40,20.27041672,22.42653519,40,40,22.42180143,40,40,40,19.4508295,18.84998882,40,22.07190808,20.64162472,20.57997036,18.70186072,19.72466279,20.22776409,21.2130724,22.42566576,40,22.04012226,22.89186987,22.68520123,18.82000403,21.45071733,19.49942176,40,40,40,22.29634361,40,20.11447606,40,40,40,40,13.22327885,336,corn,f,87,control,4
22f,40,40,40,40,40,40,40,40,40,40,40,40,40,40,40,40,40,40,40,40,40,40,40,40,40,40,40,40,40,40,40,40,40,40,40,40,40,40,40,40,40,40,40,40,40,40,40,40,40,40,40,40,40,40,40,40,40,40,40,40,40,40,40,40,40,40,40,40,40,40,40,40,40,40,40,40,40,40,21.43852217,336,corn,f,87,control,3
49b,40,40,40,40,22.697897,40,40,40,40,40,40,40,40,40,40,40,40,40,40,40,40,40,40,40,40,40,40,40,40,40,40,40,40,40,40,40,40,40,40,40,40,40,40,40,40,40,40,40,40,40,40,40,40,40,40,40,40,40,40,40,40,40,40,40,40,40,40,40,40,40,40,40,40,40,40,40,40,40,18.41173441,0,mxg,b,5,control,1
65f,21.90638049,40,21.52763899,40,19.38090634,40,22.01950119,40,20.51258343,21.2722672,19.33743049,17.8919713,22.30434166,21.69090539,20.86674411,19.7300769,20.79285652,21.69911755,21.89885727,20.24755738,40,20.71625239,20.84367044,21.466992,19.01365627,21.07743845,20.03692019,40,20.58137508,40,40,22.31031912,20.08985038,20.27300723,21.99990015,20.72119805,19.73443569,40,18.23355365,22.41323108,40,20.99390534,20.45553782,22.71311943,19.6033117,19.33158458,20.2280126,40,20.25237799,40,19.95517856,19.85076286,22.08960794,21.36775361,21.36982575,19.76468143,19.15038194,22.19776672,22.26380593,19.9362898,22.26259882,22.15654104,40,40,20.96739239,19.36031495,40,22.45684387,40,20.79153409,40,22.60713612,40,22.32904209,40,40,40,40,13.96469677,336,mxg,f,87,carbon,4
51f,22.90958426,40,40,40,20.72820286,40,40,40,21.545147,40,20.1792319,18.71098418,40,21.53352053,21.16539882,20.88177083,22.16025458,40,40,22.88878151,40,20.99392803,40,40,40,21.95524944,20.86637545,40,21.98046344,40,40,40,40,40,21.7312202,22.52391036,40,40,19.99312149,40,40,40,40,40,40,40,40,40,21.08927814,40,40,21.81750709,40,40,40,21.89674265,20.93359187,40,21.76884429,40,40,21.85087792,40,40,40,22.13988599,40,40,40,40,40,40,40,40,40,40,40,40,12.98866796,0,mxg,f,87,nitrogen,1
28b,40,40,20.96134431,40,20.28573994,21.90943084,40,40,21.18187294,40,21.13314842,18.66019653,40,21.60134319,22.52938803,22.72851372,40,40,40,21.95756184,40,21.19074848,40,40,22.38550957,40,40,40,40,40,40,40,40,22.17800071,22.38711094,40,40,22.92148993,19.31147705,40,40,40,40,40,40,40,40,40,40,40,21.39490362,22.92431219,40,40,40,40,22.19413703,22.9452928,40,40,40,40,40,40,40,21.1015279,40,40,40,40,40,40,40,40,40,40,40,40,12.56335233,0,corn,b,5,control,3
26b,20.83042852,21.34092451,19.97018319,40,18.65478516,22.30863657,40,18.66914023,18.11074843,20.69877618,18.50399414,18.0031802,19.83086606,20.42257013,19.4151121,18.63449272,20.12342251,20.26365236,40,19.94826467,40,18.81525825,19.63188025,18.92594784,17.92973994,19.64350717,19.55415859,40,40,40,22.44354593,19.37079201,21.00232611,22.17858705,21.56598705,20.27880076,20.29692909,40,17.9923936,40,40,40,19.32261355,20.7372342,40,22.89720732,20.98900469,40,40,40,18.49028942,18.68234451,40,21.08006221,20.35350081,21.46698371,18.36634688,19.79440471,19.65802255,20.98406841,21.10329828,40,21.9209252,22.92949067,22.92071107,19.44739609,20.61617071,20.21958931,40,40,40,40,40,20.1842053,40,40,40,40,12.58228028,336,corn,b,5,carbon,4
39b,20.15546484,18.97530019,19.06409475,21.09189414,18.27565883,21.38088373,40,18.60126504,18.00956903,19.50546272,18.88296797,17.25571395,18.71160766,18.65669946,17.50420494,17.95324383,19.16350589,20.17325504,22.82010136,19.18283581,40,17.93725866,19.08663211,19.00018597,17.73069041,19.83510345,18.90775448,40,20.32438576,40,21.16832239,19.59742252,21.26169,20.11045437,20.32788745,19.18343721,19.79415002,22.84167498,17.83878347,21.75418536,40,40,18.22963535,20.19687054,40,21.99367339,21.18534544,40,40,40,17.774978,18.03959599,40,20.12367928,19.46556501,19.63204735,18.01616432,18.37755158,19.16452573,20.9632218,20.35231726,21.15845209,21.12648734,40,21.99845948,18.24342608,18.9567685,18.60410682,40,40,21.66740881,22.53370599,40,19.57953299,40,40,40,40,12.43984358,336,mxg,b,5,nitrogen,1
17f,21.49681452,22.41161059,21.78957808,22.93608637,19.47595626,40,40,22.54130891,18.79012776,22.83541398,19.49917442,18.32915555,21.83245746,22.21462419,20.93673965,20.91977955,21.10083161,21.4615814,22.79062575,20.20678266,40,20.5929152,40,20.89044865,19.49372873,20.08417754,19.98165752,40,21.66253755,40,40,21.35043419,21.1015091,21.66874787,21.08488506,21.37064406,22.03408543,40,18.49850624,40,21.31731656,21.21518199,20.84430595,21.27862719,20.26952925,19.98698787,19.72543697,40,19.47775547,40,22.0349334,19.88380941,40,22.9556841,40,21.02499598,19.69942293,22.18676089,22.34936883,20.77714638,40,22.84068124,22.85381865,40,40,19.9181155,40,21.76385071,40,20.30317,40,40,40,22.50509032,40,40,40,40,13.81105441,336,corn,f,87,carbon,2
66b,20.04454641,21.44199571,21.01152823,21.673423,18.71141559,40,22.63747917,21.17467004,19.46885264,20.8249529,19.16309569,18.46836727,20.85781409,20.38946254,20.92865419,19.17208081,20.44491499,20.5214821,20.99496222,20.40989554,40,19.4734504,21.88392695,21.64432952,19.08614875,20.39975077,20.39215119,40,21.60560824,40,40,20.64904833,20.62965585,20.35895403,40,20.04626382,20.0807639,40,18.10523673,21.95129419,20.92889791,19.88457207,20.68740821,21.31998785,20.26245801,20.08661203,18.74914265,40,19.94316209,40,19.89461417,18.9055986,21.53311693,20.64613804,40,20.11423766,18.95276031,19.83277269,21.13562665,19.54960648,22.87140707,22.90924995,21.50668195,40,21.75305677,19.4704915,22.11664445,21.52763661,22.67622556,20.87358745,40,40,40,22.4750832,40,40,40,40,13.8004988,336,mxg,b,5,nitrogen,4
54f,40,40,40,40,40,40,40,40,22.68465632,40,40,20.01234837,40,40,40,22.80933346,22.90675195,40,40,40,40,40,40,40,22.11403738,40,40,40,40,40,40,40,40,40,40,22.99697426,40,40,19.9656803,40,40,40,22.93210258,40,40,40,22.35383322,40,40,40,22.70823414,22.24789898,40,40,40,40,40,40,40,22.46350406,40,40,40,40,40,22.58352882,40,40,40,21.61888975,40,40,40,40,40,40,40,40,14.06531887,0,mxg,f,87,nitrogen,2
35f,40,40,40,40,40,40,40,40,40,40,40,40,40,40,40,40,40,40,40,40,40,40,40,40,40,40,40,40,40,40,40,40,40,40,40,40,40,40,40,40,40,40,40,40,40,40,40,40,40,40,40,40,40,40,40,40,40,40,40,40,40,40,40,40,40,40,40,40,40,40,40,40,40,40,40,40,40,40,17.42407763,0,corn,f,87,carbon,4
62f,40,40,40,40,40,40,40,40,40,40,40,22.55155247,40,40,40,40,40,40,40,40,40,40,40,40,40,40,40,40,40,40,40,40,40,40,40,40,40,40,21.22694652,40,40,40,40,40,40,40,40,40,40,40,40,40,40,22.68899245,40,40,40,40,40,40,40,40,40,40,40,40,40,40,40,40,40,40,40,40,40,40,40,40,17.48377545,0,mxg,f,87,carbon,3
15b,21.86629756,40,40,40,20.15840942,40,40,40,19.87514457,40,20.80565724,18.50190562,22.2825022,22.6281532,22.88724646,20.21749625,40,40,40,20.8592628,40,21.95738497,40,40,20.16738066,21.00973175,20.73445561,40,40,40,40,22.39244117,21.43964182,21.60246609,40,21.99316643,21.0801072,40,19.2361255,40,22.84027437,21.93013164,21.01892148,40,19.63770062,21.38022551,21.74708589,40,21.41931506,40,21.23547182,20.2175009,40,22.3670344,40,19.84802525,21.03861735,40,40,21.01410074,40,40,40,40,40,21.18607092,40,40,22.40559786,20.6338983,40,21.9443945,40,21.75177408,40,40,40,40,14.34007483,336,corn,b,5,nitrogen,1
24b,20.67092344,21.69644259,19.58597383,40,18.7599938,40,40,19.18368326,18.15571332,20.36487602,18.53555605,18.17308972,19.91687346,20.79666612,19.02491903,18.90847816,20.4992892,21.71628828,40,19.85434985,40,18.21596509,20.2402201,19.66695053,18.47245609,20.92582832,20.4121341,40,21.95202886,40,22.79871199,19.55824349,22.3432384,22.07585207,21.40234663,21.24453381,21.91341714,40,18.46321027,40,40,40,19.74542705,22.34714324,40,40,20.66039124,40,40,40,19.12151553,18.86731941,40,21.68725608,20.01230758,20.60708029,18.93094387,19.70125132,20.29311945,20.74516991,21.61594295,22.86396486,21.70720571,40,40,19.10091702,20.34901869,20.24716783,40,40,40,22.80944585,40,21.2184214,40,40,40,40,12.54313152,336,corn,b,5,nitrogen,3
56f,22.26019378,40,40,40,19.40736721,22.42549136,40,19.75757386,19.76384342,21.00865104,19.26776261,19.28116773,20.2941921,20.90022927,19.43614444,22.22682283,21.37810443,40,40,20.77084058,40,19.85597878,21.55929377,19.72393424,18.93807015,20.85032025,20.43397285,40,40,40,22.94547232,20.16998998,40,21.84088251,22.87001404,40,40,40,19.17271971,40,40,40,20.10959544,40,40,40,22.17584989,40,40,40,19.37183319,19.46276627,40,21.71616639,22.81975123,40,19.59342083,21.27908085,21.54251313,40,40,40,22.70681272,40,20.46247916,20.23445357,22.67597731,21.62967267,40,40,40,40,40,40,40,40,40,40,14.72576578,336,mxg,f,87,carbon,3
55b,21.05284955,20.62734758,19.32747888,21.5531124,17.88072962,40,40,17.93057809,17.81773658,19.33175743,17.95253465,17.2989718,18.91346477,18.76212427,17.80694852,18.10095114,19.33558305,19.86490546,40,19.04978674,40,18.15284211,20.16671151,18.6302046,17.14420665,20.14077209,20.4598463,40,20.71955117,40,21.01407158,18.53258841,22.9905748,21.16909286,20.09611639,18.99719302,21.83521174,40,17.53572155,40,40,40,18.68108722,19.91328138,40,22.12366731,20.76615772,40,22.34729636,40,18.2374666,17.88798952,20.90942059,19.95357136,20.06730373,19.50616629,17.53052038,19.04127744,19.14487546,19.80865096,20.7763219,20.8635655,20.33928513,40,22.1098001,17.99916546,19.72215863,19.87890856,40,40,21.09289779,22.13791435,40,19.26984609,40,40,40,40,12.74010647,336,mxg,b,5,control,3
38f,20.66110434,20.11708652,19.04729553,40,18.40584113,40,40,19.35559164,18.26934496,19.62205015,18.20685767,18.53507063,20.30861831,19.58945935,17.99782965,18.35082664,19.57212467,20.70624448,40,19.0388537,40,18.32752194,19.72383119,19.61896623,18.086575,20.3812495,20.01071787,40,21.38508453,40,21.3704436,19.54504932,22.29469224,20.62465796,20.67648641,19.41870815,21.10344301,21.83240571,18.80661393,40,40,40,18.9098493,19.95823068,40,40,20.98913552,40,40,40,18.55025354,18.40555701,22.54667939,21.02337138,19.58003998,20.79292962,18.83375319,18.89655841,19.15305669,20.09454585,20.78190461,21.98530256,20.24108918,40,21.49932764,19.19989053,19.53485132,19.59058033,40,40,40,40,40,19.23200772,40,40,40,40,12.42618498,336,mxg,f,87,carbon,1
30b,40,22.52670446,40,40,40,40,40,40,21.02951862,40,21.90063479,18.60535264,22.92362237,22.97367374,22.58452479,21.19056075,40,40,40,40,40,22.55834803,22.63803737,40,40,40,40,22.73059816,40,40,40,40,40,40,21.72408374,22.82164702,40,40,18.95554912,40,40,40,40,40,40,40,22.95142812,40,40,40,22.16966266,22.16488254,40,40,40,22.36780477,22.05442558,40,21.72437838,40,40,40,22.99023366,40,40,22.05473411,40,40,40,40,40,40,40,40,40,40,40,40,12.68843649,0,corn,b,5,nitrogen,3
64f,21.21588608,22.20084442,20.74593466,22.19610805,19.13076944,40,22.75925148,21.49274511,18.86191305,21.25448067,19.34985051,18.47154679,20.46708894,20.16338179,20.83421624,19.14684993,20.73809847,21.19634677,22.73389108,19.46778172,40,20.25603409,21.48123998,40,18.46731874,19.73323402,19.49832526,40,20.33007882,40,40,20.57451925,20.24531648,20.72034175,21.76929239,21.06832769,19.54156699,40,18.93463837,20.84575472,21.67448722,20.11514513,20.64988317,21.0703313,19.66216413,20.20590144,19.24528495,40,20.02319868,21.73778294,19.55520704,19.34976541,20.42557984,21.11011493,21.33252192,19.48400436,19.73712025,20.45570055,20.58657985,19.92592595,22.03759044,21.64783899,40,40,22.42936505,19.41656479,20.73232294,21.9265649,22.07911216,21.07279243,22.93728583,22.18914746,40,20.48648153,40,40,40,40,13.80762446,336,mxg,f,87,control,4
62b,40,40,40,40,21.65997901,22.44882348,40,20.76873078,22.55757041,40,20.30334574,18.81004593,22.40277859,40,22.97266729,21.95852245,40,40,40,40,40,22.34865328,40,22.71549617,22.71274159,40,22.44030453,40,40,40,22.71417437,22.70549168,40,22.26303114,40,40,22.3250781,40,18.84330454,40,40,40,20.88446854,40,40,40,40,40,40,40,22.64996967,21.43865361,40,21.43383471,21.85908332,21.71829562,22.26071093,40,22.55094328,40,22.24672674,40,22.55693024,40,40,22.45723071,21.87534772,40,40,40,40,40,40,40,40,40,40,40,13.02240379,0,mxg,b,5,carbon,3
61f,40,40,22.34726555,40,19.96042811,40,40,22.29910574,20.13750176,40,20.80276718,19.07820985,21.98129113,40,21.59265845,40,40,40,40,22.76807733,40,21.5549336,22.97873842,22.35263123,21.89791243,40,22.4073001,40,40,40,40,22.49164474,40,40,21.5373211,22.67775871,40,40,19.1413333,40,40,40,22.16969927,40,40,40,40,40,40,40,22.39950298,22.29426869,40,22.75939113,40,21.33350374,21.08818803,40,22.03403922,40,40,40,40,40,22.42503069,21.05162904,40,40,40,40,40,40,40,40,40,40,40,40,13.21681662,0,mxg,f,87,control,3
3f,40,40,40,40,19.7103942,40,40,40,21.00715684,40,20.55926034,18.63329954,22.24825636,21.37085947,20.71892119,22.70736802,22.49387215,40,40,22.21771113,40,20.60818574,21.87708876,21.62747637,20.538447,22.98508823,40,40,40,40,40,20.67683976,40,40,40,22.22226782,40,40,18.99865746,40,40,40,21.376026,40,40,22.98078101,40,40,40,40,21.55334721,21.12376054,40,40,22.04809777,40,40,21.69136603,40,22.59043843,40,40,22.98945089,40,40,21.89628263,40,40,40,40,40,40,40,22.7309589,40,40,40,40,13.11225292,0,corn,f,87,nitrogen,1
45f,22.6389517,40,40,40,20.66432982,40,40,40,22.12727539,40,21.79601017,19.2020756,22.39966961,22.73671746,40,20.75301331,22.69137448,22.3321143,40,21.2668033,40,21.48602645,40,40,20.92939103,21.3933032,21.83720992,40,22.89961084,40,40,21.00157224,22.03922588,21.91270851,40,22.46909923,22.42531943,40,19.69667987,40,22.0917053,21.54635442,40,22.74747652,20.33053954,21.20633177,20.38025223,40,40,40,21.19993693,21.94524582,40,22.47219155,40,21.21182348,20.89186516,22.22232745,22.96873367,22.75230439,40,40,40,40,40,22.06534054,40,40,40,40,40,22.02009265,40,40,40,40,40,40,14.99677312,336,mxg,f,87,nitrogen,2
30f,40,40,40,40,22.63896707,40,40,40,21.23792115,22.68179394,22.16151827,18.92612208,40,40,40,22.92839905,40,40,40,40,40,40,22.68242787,22.3060336,22.09567694,40,40,40,40,40,40,40,40,40,40,40,40,40,18.83414737,40,40,40,40,40,40,40,40,40,40,40,22.78857297,40,40,40,21.5793286,40,40,40,40,40,40,40,40,40,40,21.87685409,40,40,40,40,40,40,40,40,40,40,40,40,13.4539098,0,corn,f,87,nitrogen,3
51b,22.88478315,40,40,21.34276341,21.71358006,21.85213982,40,40,21.16159252,21.41639849,21.17144198,18.77346863,40,22.24896675,22.17851615,40,22.87967136,22.78834884,40,40,40,40,21.78411441,40,22.48965826,22.51186779,21.77672522,40,21.01101828,40,40,22.72706189,22.57510832,21.5522009,40,21.46756194,40,40,19.4320678,40,22.90291989,40,40,22.62852329,40,40,22.15611313,40,40,40,19.89095956,20.64649916,21.24075862,40,22.15197007,22.39420275,20.24547466,21.59527429,22.10429053,22.60275198,40,40,22.75529551,40,40,21.38994983,40,40,40,40,40,40,40,40,40,40,40,40,12.70745224,0,mxg,b,5,nitrogen,1
67b,22.92592953,40,21.70774885,40,40,40,40,22.72952486,20.85280199,21.71780818,40,19.40335382,21.94367286,40,21.75670293,40,22.87799668,40,40,22.27032492,40,22.1397086,40,40,22.73950571,40,40,40,40,40,21.91773219,40,40,22.58042672,40,21.79668868,40,40,19.32631571,40,40,40,22.93500214,40,40,40,22.34692121,40,40,40,21.83828724,21.87211364,40,40,21.70781118,40,21.63861915,21.48617122,40,40,40,22.86377836,40,40,40,40,40,40,40,40,40,40,40,40,40,40,40,40,12.54571637,0,mxg,b,5,control,4
64b,21.4740118,40,20.09836243,21.87149348,18.17636097,22.91918006,22.89365775,21.68545528,19.85490034,19.20020654,18.74149105,17.97093111,21.03466043,19.78206142,20.26292573,18.56085279,19.38824386,20.02341109,21.65534085,19.92890958,40,18.51580236,19.76931565,22.01937949,18.3258463,19.49873967,19.04777231,40,20.4634338,40,40,21.70331916,19.58211031,19.5667019,40,19.1044203,18.88298182,40,18.17359866,20.12982786,22.39747442,19.85508014,19.03279417,21.04878601,19.56065582,19.87241918,18.98455441,40,20.30376264,40,18.82464537,19.23269022,19.98867138,21.24201688,20.06742633,18.99844788,18.93687981,19.60632922,20.03226093,19.00584123,20.35910887,21.04688538,21.57615717,40,21.26044023,18.81372285,20.64575983,21.15803296,40,20.49097046,22.43009171,22.1028426,40,20.30270182,40,40,40,40,13.82433504,336,mxg,b,5,control,4
14f,40,40,22.97317851,40,20.66757903,40,22.1397515,40,21.34662875,40,20.84576605,18.82302762,22.57766539,40,40,21.81138648,40,40,40,22.20586295,40,21.79286896,40,22.66609801,20.39169772,40,40,40,40,40,40,40,40,21.38227418,40,40,40,40,18.97978747,40,40,40,21.83484981,21.86122849,20.5035575,21.17291692,21.73261336,40,20.4516173,40,21.59106034,22.34665189,40,40,40,21.92277428,20.51841026,40,40,20.82974448,40,40,40,40,40,20.8800323,40,40,40,22.84864104,40,40,40,22.93931029,40,40,40,40,14.53941187,336,corn,f,87,carbon,1
16b,22.27228794,40,20.8783073,22.21061931,19.31831011,40,22.0655366,22.50311023,19.10015177,21.27545135,19.02169622,18.08354887,22.81691023,21.16928218,20.00856644,18.99376005,21.20251655,21.62336848,40,20.92419366,40,19.30083951,21.80264603,21.18554242,20.64002313,19.73571589,19.60066067,40,21.06950523,40,40,20.99767802,20.22951237,19.72361472,40,20.95322624,21.43771511,40,18.34870075,40,21.73696888,20.43367118,20.88293064,21.03370959,19.06890147,20.40746096,19.64792323,40,20.01277955,22.78632067,19.54136035,19.24983834,22.49940589,20.68417224,40,19.76655026,19.44831027,20.04239965,22.47101821,21.02436829,40,22.79887333,40,40,40,19.9548,21.59948513,40,40,20.05476033,40,21.41583267,40,20.84643741,40,40,40,40,13.32758187,336,corn,b,5,control,2
53b,40,40,40,40,21.28325743,40,40,40,22.52659402,40,21.38575051,18.56450994,40,40,40,20.58971878,40,21.97235022,40,40,40,40,40,40,20.80754976,40,21.28158037,40,22.92436432,40,40,40,40,40,40,40,21.92034738,40,18.86789161,40,40,40,21.97173232,22.44991866,20.9491833,40,21.22053002,40,21.26237177,40,22.75958749,22.17990853,40,40,40,21.02705817,21.22483281,40,40,22.34522741,40,40,40,40,40,40,22.91488775,40,40,40,22.70139881,40,40,40,40,40,40,40,13.07331631,0,mxg,b,5,carbon,2
7f,40,40,21.91412811,40,40,40,40,40,22.11696432,40,21.45526849,18.43730782,40,40,40,40,21.50149885,40,40,40,40,40,22.21443022,40,20.60995022,40,22.1554428,40,21.63992869,40,40,22.19515621,22.06728069,40,40,22.14273055,40,40,18.65809673,22.27939937,40,40,40,40,22.21793794,40,22.61962728,40,21.14008881,40,40,22.70554526,40,22.36555831,40,40,21.11697601,21.63429066,40,22.67010834,40,40,40,40,40,22.54523587,22.87518927,40,40,22.04887898,40,40,40,40,40,40,40,40,13.2796596,0,corn,f,87,control,2
25b,20.77109082,21.54900579,20.31721353,40,18.77789987,40,40,18.81783236,18.37755454,19.61669746,19.099871,17.74817571,19.46636596,20.34311737,19.33349291,19.18149998,20.5198145,22.41472793,22.24222372,20.22489589,40,19.18675044,21.2389451,19.5650578,18.67326585,20.78952757,20.71372568,40,40,40,20.57325456,20.11366054,21.71927219,40,20.66119022,19.39845005,20.64291201,40,17.73863674,40,40,40,19.0639797,22.66300968,40,40,22.07882933,40,40,40,19.49419393,18.95360066,40,21.02491852,19.87262816,20.21749509,18.53315218,19.63660278,20.08870118,21.06558269,20.66370209,40,20.99381987,22.96797331,40,19.19961422,21.23298373,21.61961457,40,40,40,22.59698353,40,20.51663208,40,40,40,40,13.07322744,336,corn,b,5,control,4
52b,40,40,22.29295544,40,40,40,40,22.76614866,40,22.00216807,21.07615826,18.89278426,40,40,40,40,40,40,40,22.63162243,40,22.08375876,40,40,21.74188565,40,21.92929296,40,40,40,40,40,40,40,40,22.0247135,40,40,18.74072562,40,22.75576587,40,22.7811355,40,40,22.50800444,21.16779231,40,21.43561482,40,20.944127,21.78162882,40,40,40,21.56271335,22.07428508,40,40,40,40,40,40,40,40,21.49916976,40,40,40,40,40,22.78862004,40,40,40,40,40,40,13.2181543,0,mxg,b,5,control,2
67f,40,40,40,40,21.72872564,40,40,21.80348169,20.91521301,40,22.73778195,18.61857607,22.6002191,22.35134241,20.43772864,20.07274507,22.28945779,40,40,40,40,40,40,22.04904692,22.53934248,40,22.0371759,40,40,40,40,21.08072555,40,40,40,22.90927673,40,40,19.37664456,40,40,40,21.63397802,40,40,40,40,40,40,40,21.29125053,21.91681034,40,40,22.93546765,40,22.57948988,40,40,40,40,21.97162355,40,40,22.42487161,21.63844313,40,40,40,40,40,40,40,40,40,40,40,40,13.15493755,0,mxg,f,87,control,4
37f,20.47328339,21.91342395,20.61471599,22.37225377,18.74698739,40,40,19.10796906,18.61899148,20.19255328,18.62582121,17.69017495,20.02499575,19.59264755,18.16926805,19.64381118,19.60260859,20.93789361,22.31687736,19.4120411,40,18.15699121,20.12593261,19.84017746,18.73307672,19.87329325,20.61307852,40,21.10558693,40,40,19.95884164,22.1246555,21.15250314,22.22396284,19.90735484,20.62302493,40,18.28077944,40,40,22.31606093,19.03692692,20.99511813,40,21.93964687,20.91189876,40,40,40,19.25718352,18.90286392,40,20.232313,19.82649286,21.37500915,18.79248894,18.90968186,20.2504321,20.11466216,21.48111391,21.65483207,21.74602237,40,22.29159981,19.86994848,20.39628594,20.72685514,40,40,40,40,40,19.89686454,40,40,40,40,13.55797708,336,mxg,f,87,control,1
22b,20.79633626,22.72024729,22.01498579,40,18.78969031,40,40,20.05299979,18.64225632,20.29790238,18.14106865,17.68742873,19.1563683,20.49799219,19.13024703,18.70901823,21.62179784,21.52557784,22.93403515,20.97952127,40,18.91704472,20.58428179,20.20258647,18.33463688,20.37348273,21.4088433,40,22.87598616,40,22.29121156,19.97783964,22.37892273,40,22.06825735,21.00868865,40,40,17.7891577,40,40,40,19.60266775,21.40564408,40,22.29348855,40,40,40,40,18.66842005,19.30634619,40,21.41650953,20.33794247,21.92430064,18.58563296,19.6554717,20.45743204,22.18051286,21.70418219,40,22.68560225,40,40,18.8438154,20.76759605,20.12320057,40,40,40,40,40,20.57174473,40,40,40,40,13.0363846,336,corn,b,5,control,3
37b,20.12277828,21.04414273,20.7742823,22.30280525,18.3977226,21.75456863,22.57169178,18.27899954,18.26779649,18.98133952,18.01655769,17.17093893,19.03053259,18.78796606,18.39046047,18.57577537,19.10861287,20.41182279,22.03825643,18.63072907,40,18.77192169,19.34460277,18.89476746,17.81305616,20.60198,20.00618763,40,20.84838544,40,22.54518135,19.42189029,20.84283465,20.62416546,20.35332442,19.25591817,19.57652614,21.73905574,17.23888414,21.86394992,40,40,18.46723092,20.70636818,22.83809602,40,21.61173052,40,40,40,18.61314396,18.47506158,40,19.8331608,19.45891581,19.58964204,17.91801434,19.08188138,19.7138307,20.27370009,20.48263456,20.92502601,19.66268429,40,22.13794952,19.66440337,20.47918122,19.10618356,40,40,21.01974339,40,40,19.10136882,40,40,40,40,12.89817758,336,mxg,b,5,control,1
44b,40,40,22.43952789,40,19.97892955,40,22.94251649,40,20.5581301,22.72232209,20.58161338,18.92498312,21.09715628,22.82238913,22.82868822,19.83699017,40,40,40,21.88976812,40,40,40,40,20.57053828,21.68256139,21.04397098,40,22.98552483,40,40,21.93888108,20.73067847,21.19893417,40,40,21.2027711,40,19.02312253,40,21.16370428,21.43384241,20.62370982,40,20.89438871,20.87178131,20.91115703,40,21.58438793,40,20.79600938,21.6776139,40,22.04466829,21.80169265,20.61195972,22.08410651,22.75719265,40,21.67645284,40,40,40,40,40,20.84213595,40,40,40,21.59573582,40,40,40,40,40,40,40,40,13.66746323,336,mxg,b,5,carbon,2
50b,40,40,21.15255537,40,20.51990177,22.39987767,40,22.70173746,22.10794734,22.53629668,21.67465455,18.03869723,40,21.24687737,21.69170777,19.89445006,40,22.06137118,40,20.90139598,40,40,40,40,40,40,22.34364039,22.98533178,20.85957002,40,40,40,40,22.32174452,40,19.84329694,40,40,18.64825774,40,40,40,21.80644855,40,40,22.11033178,22.29927058,40,40,21.92492034,21.21928568,22.26602151,40,40,21.78864987,22.37530513,20.12002941,22.0023871,40,40,40,40,21.87631571,40,40,21.06459141,40,22.85557341,40,40,40,22.58886074,40,40,40,40,40,40,12.74325897,0,mxg,b,5,carbon,1
57b,20.53237942,21.05363908,19.25123151,21.80425559,17.65709634,40,22.11802325,18.93987888,17.50834692,18.78595171,17.6342059,17.12150328,19.23756354,18.86929276,17.77080542,17.90214474,20.34359624,19.81884937,22.89215642,19.69730662,40,17.95851243,19.25022137,18.48440733,17.58645012,19.30092707,19.51770159,40,20.59293858,40,20.1534916,19.20624581,22.46739189,19.96711059,19.48985679,19.894434,20.07823987,22.67218233,17.49556067,40,40,40,18.24224749,21.42888301,22.68489484,40,20.3891714,40,22.13201548,40,17.8844496,17.77220266,40,19.84750504,19.45930657,20.60305869,17.70128356,19.07002091,19.55874318,20.60077373,20.56161009,20.46342591,20.87240619,40,20.89290194,18.00207852,20.00530659,19.53614796,40,40,21.15483542,21.95020106,40,21.04901848,40,40,40,40,13.0214451,336,mxg,b,5,nitrogen,3
24f,40,40,21.70179531,40,20.41069366,40,40,20.18776035,20.39728209,20.47136482,19.75130201,17.69323579,20.36508752,22.13188403,19.58807144,19.8431035,22.58576685,21.88941062,40,21.31013836,40,20.53683538,21.10831051,19.58070429,19.76569043,21.40418255,21.44233152,40,40,40,22.57463294,20.66134373,40,40,21.40763419,22.56554384,22.02737532,40,17.89885729,40,40,40,19.66095943,22.22836415,40,40,22.43161353,40,40,40,19.56811106,20.1389203,40,21.1306819,22.14011904,40,19.78140869,22.37641401,21.95913075,22.48668629,21.85218539,40,40,40,40,19.55523945,22.13449109,21.73100885,40,40,40,40,40,21.76827686,40,40,40,40,13.73399755,336,corn,f,87,nitrogen,3
7b,22.812472,40,22.2332364,40,22.60385867,40,40,40,40,40,21.42474271,18.24763102,40,21.92381868,22.63401641,21.69634228,40,40,40,22.21748661,40,20.56502039,21.32453999,40,20.36431029,21.21358743,40,40,40,40,40,22.40345095,40,22.6110756,40,21.91810885,40,40,18.55715734,40,40,22.65003744,40,40,22.19200686,22.53492287,21.10318701,40,40,40,40,40,40,40,40,21.69123547,21.10820565,22.02718055,40,40,40,40,40,40,40,40,22.70876281,40,40,40,40,40,40,40,40,40,40,40,13.11650262,0,corn,b,5,control,2