,amoA.001,amoA.002,amoA.003,amoA.004,amoA.005,amoA.006,amoA.007,amoA.008,amoA.009,amoA.010,amoA.011,amoA.012,amoA.013,amoA.014,amoA.015,amoA.016,amoA.017,amoA.018,amoA.019,amoA.020,amoA.021,amoA.022,amoA.023,amoA.024,amoA.025,amoA.026,amoA.027,amoA.028,amoA.029,amoA.030,amoA.031,amoA.032,amoA.033,amoA.034,amoA.035,amoA.036,amoA.037,amoA.038,amoA.039,amoA.040,amoA.041,amoA.042,amoA.043,amoA.044,amoA.045,amoA.046,amoA.047,amoA.048,amoA.049,amoA.050,amoA.051,amoA.052,amoA.053,amoA.054,amoA.055,amoA.056,amoA.057,amoA.058,amoA.059,amoA.060,amoA.061,amoA.062,amoA.063,amoA.064,amoA.065,amoA.066,amoA.067,amoA.068,amoA.069,amoA.070,amoA.071,amoA.072,amoA.073,amoA.074,amoA.075,amoA.076,amoA.077,amoA.078,fert_level,crop,timepoint,doe,addition,field_rep
2b,10.11924946,27.41267879,8.764503554,8.992936536,7.447640567,9.737887528,27.41267879,7.898449573,9.604767263,9.741508689,8.28137871,5.67030701,9.059115256,8.819879826,8.85785231,7.316016477,27.41267879,9.551622045,27.41267879,9.645213867,27.41267879,8.126854003,27.41267879,7.737617321,7.397682481,9.336236711,9.387924045,27.41267879,27.41267879,27.41267879,27.41267879,9.973931058,10.32764963,27.41267879,10.40689321,9.231619769,27.41267879,27.41267879,6.186867524,27.41267879,27.41267879,27.41267879,8.903626005,27.41267879,27.41267879,27.41267879,27.41267879,27.41267879,27.41267879,27.41267879,7.783576209,7.697536842,27.41267879,9.395729395,9.109998321,27.41267879,9.051853313,9.139843033,27.41267879,27.41267879,27.41267879,27.41267879,9.223010086,27.41267879,27.41267879,7.782143729,27.41267879,27.41267879,27.41267879,27.41267879,27.41267879,27.41267879,27.41267879,9.298011361,27.41267879,27.41267879,27.41267879,27.41267879,0,corn,b,5,carbon,1
35b,9.837943445,27.51088802,9.30007732,10.44544837,8.530234103,9.757077519,27.51088802,27.51088802,8.210978365,10.42805034,8.764632433,6.85963253,27.51088802,9.156926049,10.10552538,9.36518432,27.51088802,27.51088802,27.51088802,27.51088802,27.51088802,27.51088802,10.45406917,27.51088802,9.39191661,27.51088802,27.51088802,27.51088802,27.51088802,27.51088802,27.51088802,27.51088802,27.51088802,10.48704541,27.51088802,8.65686394,27.51088802,27.51088802,6.954835299,27.51088802,27.51088802,27.51088802,27.51088802,27.51088802,27.51088802,27.51088802,10.43648362,27.51088802,27.51088802,27.51088802,10.26257216,9.641541237,27.51088802,9.940614176,10.30676709,27.51088802,9.261187586,27.51088802,27.51088802,27.51088802,27.51088802,27.51088802,27.51088802,27.51088802,9.97792879,9.627352869,27.51088802,27.51088802,27.51088802,27.51088802,27.51088802,27.51088802,27.51088802,27.51088802,27.51088802,27.51088802,27.51088802,27.51088802,0,corn,b,5,carbon,4
52f,26.3454849,26.3454849,26.3454849,26.3454849,7.379424295,26.3454849,26.3454849,26.3454849,26.3454849,26.3454849,8.196052774,5.059759486,8.3806393,26.3454849,26.3454849,7.18667316,26.3454849,26.3454849,26.3454849,26.3454849,26.3454849,8.064259962,9.006862924,8.855070014,7.499600225,9.106928422,26.3454849,26.3454849,26.3454849,26.3454849,26.3454849,9.188421793,8.085779992,8.195376026,26.3454849,9.206973068,26.3454849,26.3454849,5.03595854,26.3454849,26.3454849,9.060248111,8.829688995,26.3454849,26.3454849,8.145360023,26.3454849,26.3454849,8.15855545,8.448593738,9.30592462,8.695248957,26.3454849,26.3454849,8.868639796,7.92262047,8.423450769,8.644192049,26.3454849,7.833398186,26.3454849,26.3454849,26.3454849,26.3454849,26.3454849,8.337313557,26.3454849,26.3454849,26.3454849,26.3454849,26.3454849,26.3454849,26.3454849,26.3454849,26.3454849,26.3454849,26.3454849,26.3454849,0,mxg,f,87,control,2
34f,26.91443172,26.91443172,26.91443172,26.91443172,7.235779419,26.91443172,26.91443172,9.432688672,8.817335793,26.91443172,9.389068865,6.440878284,26.91443172,26.91443172,9.571726979,9.802002519,26.91443172,26.91443172,26.91443172,26.91443172,26.91443172,26.91443172,26.91443172,26.91443172,9.143481921,26.91443172,26.91443172,26.91443172,9.471657625,26.91443172,26.91443172,9.201576229,26.91443172,26.91443172,26.91443172,26.91443172,26.91443172,26.91443172,7.407565073,26.91443172,26.91443172,26.91443172,26.91443172,9.825800092,26.91443172,26.91443172,9.048489873,26.91443172,26.91443172,26.91443172,9.387422528,26.91443172,26.91443172,26.91443172,26.91443172,9.855885656,7.936263304,26.91443172,9.573890453,26.91443172,26.91443172,9.651100032,26.91443172,26.91443172,26.91443172,8.475662546,9.557433994,26.91443172,26.91443172,26.91443172,26.91443172,26.91443172,26.91443172,26.91443172,26.91443172,26.91443172,26.91443172,26.91443172,0,corn,f,87,control,4
16f,8.337292969,25.94590654,8.371314184,25.94590654,5.91807282,25.94590654,25.94590654,7.909364025,5.898369407,25.94590654,6.70923653,4.507285735,7.084398742,7.907738068,7.67602494,5.634956572,8.631990296,7.407452415,8.426038808,7.087612018,25.94590654,6.755183117,25.94590654,7.840996863,6.48454993,6.584264276,6.449297887,25.94590654,8.819678789,25.94590654,25.94590654,7.985588828,7.379856649,7.381219167,25.94590654,8.249739189,7.879577607,25.94590654,4.43629479,8.897185522,8.729590226,8.1730626,6.360085307,8.684897797,5.951642948,7.195859861,6.168384933,25.94590654,7.235108826,7.356955427,7.338797575,6.056258838,8.827139534,8.787463601,8.536340411,6.930450489,6.597500684,25.94590654,7.286580118,6.484562161,25.94590654,25.94590654,25.94590654,25.94590654,8.93806574,6.299011946,25.94590654,25.94590654,25.94590654,7.930764491,25.94590654,7.693905207,25.94590654,8.931629034,25.94590654,25.94590654,25.94590654,25.94590654,336,corn,f,87,control,2
53f,26.58155976,26.58155976,9.564656716,26.58155976,9.057802446,26.58155976,26.58155976,26.58155976,8.097326287,26.58155976,8.855282587,5.008822103,26.58155976,26.58155976,26.58155976,8.118384462,8.993559767,26.58155976,26.58155976,8.417843968,26.58155976,7.848165841,26.58155976,26.58155976,8.570170848,8.770208894,8.578531547,26.58155976,26.58155976,26.58155976,26.58155976,26.58155976,9.119135061,26.58155976,26.58155976,26.58155976,9.575899342,26.58155976,5.374005892,26.58155976,26.58155976,26.58155976,9.058801152,26.58155976,26.58155976,26.58155976,26.58155976,26.58155976,26.58155976,26.58155976,7.312776114,8.115724378,26.58155976,26.58155976,26.58155976,26.58155976,7.345564158,26.58155976,9.513030554,26.58155976,9.282220277,26.58155976,26.58155976,26.58155976,26.58155976,8.463028161,9.143845476,26.58155976,26.58155976,26.58155976,26.58155976,26.58155976,26.58155976,26.58155976,26.58155976,26.58155976,26.58155976,26.58155976,0,mxg,f,87,carbon,2
15f,6.850250358,25.30879268,25.30879268,25.30879268,6.469307335,25.30879268,25.30879268,25.30879268,6.409160561,25.30879268,6.339401923,4.35075947,7.905333257,25.30879268,25.30879268,7.55952221,25.30879268,25.30879268,25.30879268,25.30879268,25.30879268,6.046096262,25.30879268,25.30879268,5.663349347,6.795304916,6.855113594,25.30879268,25.30879268,25.30879268,25.30879268,7.181314883,7.251303953,25.30879268,25.30879268,7.664838848,5.444791722,25.30879268,4.436832895,25.30879268,8.280610102,5.671148448,25.30879268,25.30879268,5.13211798,25.30879268,25.30879268,25.30879268,7.058753434,25.30879268,7.249665025,6.701876877,25.30879268,25.30879268,25.30879268,7.103323264,5.812905441,25.30879268,25.30879268,7.978216813,25.30879268,25.30879268,25.30879268,25.30879268,25.30879268,6.917021288,25.30879268,25.30879268,25.30879268,6.57427654,25.30879268,25.30879268,25.30879268,25.30879268,25.30879268,25.30879268,25.30879268,25.30879268,336,corn,f,87,nitrogen,1
63b,27.13319168,27.13319168,27.13319168,27.13319168,7.410480425,27.13319168,27.13319168,27.13319168,8.150433094,27.13319168,7.569730567,5.869625958,27.13319168,9.523483027,7.606515199,9.116902704,9.542480177,27.13319168,27.13319168,27.13319168,27.13319168,7.489895276,8.144990422,8.474957846,9.819896714,10.06878551,27.13319168,27.13319168,27.13319168,27.13319168,27.13319168,9.631944671,27.13319168,27.13319168,27.13319168,8.087513054,27.13319168,27.13319168,5.924843389,27.13319168,27.13319168,27.13319168,9.260780917,9.635424183,27.13319168,10.04264696,9.263255756,27.13319168,27.13319168,27.13319168,8.086704227,8.234705753,27.13319168,27.13319168,27.13319168,10.0400101,9.634455889,9.181793494,9.331004129,27.13319168,27.13319168,27.13319168,9.904131892,27.13319168,27.13319168,8.081328042,9.377971591,27.13319168,27.13319168,27.13319168,27.13319168,27.13319168,27.13319168,27.13319168,27.13319168,27.13319168,27.13319168,27.13319168,0,mxg,b,5,nitrogen,3
3b,27.3997938,9.494898158,8.966064402,27.3997938,7.66175738,27.3997938,27.3997938,9.309082757,7.219544321,8.614048839,7.092792019,5.953786713,8.773300555,27.3997938,7.708856,8.872990973,9.467228169,27.3997938,27.3997938,8.857978769,27.3997938,8.080549253,8.930818612,8.966889503,7.943150946,27.3997938,9.487575246,27.3997938,9.85895637,27.3997938,27.3997938,8.768495989,27.3997938,9.45156057,10.0918881,9.140254782,27.3997938,27.3997938,5.872611536,27.3997938,27.3997938,27.3997938,9.02695189,27.3997938,27.3997938,27.3997938,27.3997938,27.3997938,27.3997938,27.3997938,8.273064049,7.124860015,27.3997938,9.189657368,9.471896387,9.885153798,7.118000665,8.109337831,9.182726872,27.3997938,27.3997938,27.3997938,10.00863213,27.3997938,27.3997938,8.171050873,27.3997938,27.3997938,27.3997938,27.3997938,27.3997938,27.3997938,27.3997938,27.3997938,27.3997938,27.3997938,27.3997938,27.3997938,0,corn,b,5,nitrogen,1
29f,26.78700723,26.78700723,26.78700723,26.78700723,9.410855748,26.78700723,26.78700723,9.698198152,8.784334681,8.515611852,7.627539467,5.590975826,26.78700723,26.78700723,8.311181876,26.78700723,26.78700723,26.78700723,26.78700723,26.78700723,26.78700723,9.603628254,26.78700723,9.006092699,26.78700723,26.78700723,9.732518001,26.78700723,9.378702626,26.78700723,26.78700723,8.73014246,26.78700723,9.468855887,9.265609392,26.78700723,26.78700723,26.78700723,5.75715828,26.78700723,26.78700723,26.78700723,26.78700723,26.78700723,26.78700723,26.78700723,26.78700723,26.78700723,26.78700723,26.78700723,26.78700723,7.172080749,26.78700723,9.534765309,9.016886718,26.78700723,8.862641535,26.78700723,26.78700723,26.78700723,26.78700723,26.78700723,9.277903481,26.78700723,26.78700723,7.723188416,26.78700723,26.78700723,26.78700723,26.78700723,26.78700723,26.78700723,26.78700723,26.78700723,26.78700723,26.78700723,26.78700723,26.78700723,0,corn,f,87,carbon,3
68f,27.16216239,10.07703917,9.215519164,27.16216239,8.511663126,27.16216239,27.16216239,9.569725355,27.16216239,27.16216239,9.036075574,5.620049319,10.1475308,9.611329198,9.359978687,8.877617248,27.16216239,27.16216239,27.16216239,27.16216239,27.16216239,9.297993221,27.16216239,9.287609209,9.135037714,27.16216239,27.16216239,27.16216239,27.16216239,27.16216239,27.16216239,9.309556847,27.16216239,27.16216239,27.16216239,27.16216239,27.16216239,27.16216239,5.682560555,27.16216239,27.16216239,27.16216239,7.725937043,9.356151963,27.16216239,27.16216239,27.16216239,27.16216239,27.16216239,27.16216239,8.796546247,8.056209492,27.16216239,27.16216239,9.590585148,9.917545594,8.100997119,9.029905317,8.614941225,27.16216239,27.16216239,27.16216239,27.16216239,27.16216239,27.16216239,9.233856813,27.16216239,27.16216239,27.16216239,27.16216239,27.16216239,27.16216239,27.16216239,27.16216239,27.16216239,27.16216239,27.16216239,27.16216239,0,mxg,f,87,carbon,4
29b,27.20413876,27.20413876,9.698249544,27.20413876,8.424687818,27.20413876,27.20413876,27.20413876,9.162430855,9.223351021,7.863408084,5.728976843,27.20413876,9.084541758,9.8142358,9.261126393,27.20413876,27.20413876,27.20413876,27.20413876,27.20413876,9.244285392,9.298618368,27.20413876,8.358061765,27.20413876,9.96537742,27.20413876,27.20413876,27.20413876,27.20413876,27.20413876,27.20413876,27.20413876,8.62253691,9.307394538,27.20413876,27.20413876,6.027081651,27.20413876,27.20413876,27.20413876,9.090490139,27.20413876,27.20413876,27.20413876,27.20413876,27.20413876,27.20413876,27.20413876,8.151903704,9.953019408,27.20413876,27.20413876,27.20413876,27.20413876,8.178859496,10.1316316,9.805338984,27.20413876,27.20413876,27.20413876,27.20413876,27.20413876,27.20413876,7.952821897,27.20413876,27.20413876,27.20413876,27.20413876,27.20413876,27.20413876,27.20413876,27.20413876,27.20413876,27.20413876,27.20413876,27.20413876,0,corn,b,5,carbon,3
69b,27.32027842,27.32027842,9.408260252,27.32027842,8.724223874,10.08389836,27.32027842,9.128681181,9.144117079,27.32027842,8.103223296,6.288172532,9.701883106,9.512090531,9.538834559,8.642533497,27.32027842,27.32027842,27.32027842,27.32027842,27.32027842,8.218374384,27.32027842,8.50155762,8.050898795,9.909311326,27.32027842,27.32027842,27.32027842,27.32027842,27.32027842,27.32027842,27.32027842,10.21730076,27.32027842,27.32027842,27.32027842,27.32027842,6.974987079,27.32027842,27.32027842,27.32027842,9.902641091,27.32027842,27.32027842,27.32027842,27.32027842,27.32027842,27.32027842,27.32027842,8.754169358,8.87084318,27.32027842,27.32027842,27.32027842,27.32027842,8.528120509,9.800438561,10.30855418,27.32027842,27.32027842,27.32027842,27.32027842,27.32027842,27.32027842,8.981643762,27.32027842,10.11588508,27.32027842,27.32027842,27.32027842,27.32027842,27.32027842,27.32027842,27.32027842,27.32027842,27.32027842,27.32027842,0,mxg,b,5,nitrogen,4
23f,7.850169978,9.555690799,9.77668193,26.77822101,5.785196874,26.77822101,26.77822101,6.199275885,5.342547368,8.506553218,5.920729976,5.153246734,7.212599023,7.720353683,6.738011282,5.321123786,8.280636062,9.004478563,26.77822101,7.288322145,26.77822101,5.618309631,7.371329261,6.014900783,5.920869494,8.134785501,7.099682834,26.77822101,8.40605275,26.77822101,9.23176084,6.434551347,26.77822101,8.827000482,7.811130479,7.121646425,8.446847343,26.77822101,5.20006199,26.77822101,26.77822101,26.77822101,6.456437475,9.436805949,26.77822101,26.77822101,9.378091791,26.77822101,26.77822101,26.77822101,6.050141459,6.174553959,26.77822101,7.84487369,7.440353013,7.932164108,6.062449779,6.492644045,7.209833595,8.056602474,8.734742191,26.77822101,26.77822101,26.77822101,26.77822101,5.946824768,7.972760996,8.174664009,26.77822101,26.77822101,26.77822101,9.643617298,26.77822101,8.494859196,26.77822101,26.77822101,26.77822101,26.77822101,336,corn,f,87,carbon,3
34b,27.57454466,10.33281549,27.57454466,27.57454466,9.642005738,27.57454466,27.57454466,9.77056069,9.51960854,10.09524262,9.328985779,7.121770728,27.57454466,9.767338507,27.57454466,9.333841684,27.57454466,27.57454466,27.57454466,27.57454466,27.57454466,9.814295503,9.675758608,27.57454466,10.48167743,27.57454466,27.57454466,27.57454466,27.57454466,27.57454466,27.57454466,27.57454466,27.57454466,27.57454466,27.57454466,9.21244389,27.57454466,27.57454466,7.642894908,10.50052967,27.57454466,27.57454466,27.57454466,27.57454466,27.57454466,27.57454466,27.57454466,27.57454466,27.57454466,27.57454466,27.57454466,9.495264103,27.57454466,10.37402992,10.06548699,27.57454466,27.57454466,10.31302773,27.57454466,27.57454466,27.57454466,27.57454466,27.57454466,27.57454466,27.57454466,9.164811968,9.964239338,27.57454466,27.57454466,27.57454466,27.57454466,27.57454466,27.57454466,27.57454466,27.57454466,27.57454466,27.57454466,27.57454466,0,corn,b,5,control,4
63f,26.9550972,26.9550972,26.9550972,26.9550972,7.632915969,9.924685597,26.9550972,7.756442922,7.848986111,9.220205458,8.552585905,5.414664087,26.9550972,26.9550972,7.977741707,9.217589646,26.9550972,26.9550972,26.9550972,26.9550972,26.9550972,8.602452275,9.337423429,26.9550972,8.336856501,26.9550972,8.927266893,26.9550972,26.9550972,26.9550972,26.9550972,8.487320819,26.9550972,26.9550972,26.9550972,9.125888089,26.9550972,26.9550972,6.082513078,26.9550972,26.9550972,26.9550972,8.18290471,26.9550972,26.9550972,26.9550972,26.9550972,26.9550972,26.9550972,26.9550972,8.457634955,26.9550972,26.9550972,26.9550972,9.077845262,9.892367492,8.184816668,9.292132194,8.679311314,26.9550972,26.9550972,26.9550972,26.9550972,26.9550972,26.9550972,9.702554901,26.9550972,26.9550972,26.9550972,26.9550972,26.9550972,26.9550972,26.9550972,26.9550972,26.9550972,26.9550972,26.9550972,26.9550972,0,mxg,f,87,nitrogen,3
50f,26.87873829,26.87873829,26.87873829,26.87873829,7.493677389,8.525070731,26.87873829,26.87873829,8.130483217,8.706349401,9.664504071,6.078344586,26.87873829,8.790806871,26.87873829,8.300654168,26.87873829,26.87873829,26.87873829,26.87873829,26.87873829,26.87873829,8.951997525,26.87873829,8.757064537,26.87873829,8.359075797,26.87873829,8.502879068,26.87873829,26.87873829,9.436415228,9.516686913,8.250322463,26.87873829,8.985483019,9.765222939,26.87873829,6.169355963,9.419655685,26.87873829,26.87873829,8.857623962,26.87873829,26.87873829,26.87873829,26.87873829,26.87873829,26.87873829,26.87873829,7.806242715,8.717218777,26.87873829,9.487121955,26.87873829,26.87873829,8.725617137,9.713773088,9.0929461,8.574076391,26.87873829,26.87873829,26.87873829,26.87873829,8.969785954,8.471766503,8.35085642,26.87873829,26.87873829,26.87873829,26.87873829,26.87873829,26.87873829,26.87873829,26.87873829,26.87873829,26.87873829,26.87873829,0,mxg,f,87,carbon,1
66f,8.39951383,7.539288594,7.481171716,25.72957456,4.857532669,25.72957456,8.629508994,8.556345896,6.570872357,7.2277898,4.696803859,4.075213519,6.847198965,6.17152776,6.175388969,5.219716362,7.184917164,6.93345885,7.876676402,6.431062745,25.72957456,5.423938057,6.480143974,7.59631619,5.632722827,6.72342034,7.377719713,25.72957456,5.893847361,25.72957456,25.72957456,7.658875853,6.676854288,5.632960851,25.72957456,6.523067351,5.505672037,25.72957456,4.202544756,25.72957456,7.219062524,5.966860576,6.342122957,7.087118491,6.035396114,5.187067475,5.562512644,25.72957456,5.613140722,25.72957456,5.405789499,4.793204574,6.640795025,6.601949344,7.73577598,5.702295661,4.971156911,6.853231114,7.771774865,7.64556532,7.39051923,8.073147938,8.070818199,25.72957456,7.408546193,6.230690454,7.504417958,8.351070823,25.72957456,7.390423473,25.72957456,8.237108958,25.72957456,6.72620748,25.72957456,25.72957456,25.72957456,25.72957456,336,mxg,f,87,nitrogen,4
69f,27.12805134,9.588366881,9.942089564,27.12805134,7.775598311,27.12805134,27.12805134,27.12805134,7.613245804,9.254967767,8.660118384,5.979531738,9.536453885,27.12805134,10.08074214,8.824927877,27.12805134,27.12805134,27.12805134,27.12805134,27.12805134,8.732233177,8.459136382,27.12805134,8.685903563,27.12805134,9.853181329,27.12805134,27.12805134,27.12805134,27.12805134,9.122127502,27.12805134,27.12805134,27.12805134,27.12805134,27.12805134,27.12805134,6.733677436,27.12805134,27.12805134,27.12805134,9.908027708,27.12805134,27.12805134,27.12805134,27.12805134,27.12805134,27.12805134,27.12805134,8.877993995,8.257351543,27.12805134,27.12805134,27.12805134,27.12805134,8.758340089,27.12805134,27.12805134,9.347749406,27.12805134,9.997011302,27.12805134,27.12805134,27.12805134,9.1856928,10.00187624,27.12805134,27.12805134,27.12805134,27.12805134,27.12805134,27.12805134,27.12805134,27.12805134,27.12805134,27.12805134,27.12805134,0,mxg,f,87,nitrogen,4
36b,27.3311293,27.3311293,9.520754228,27.3311293,9.041140234,27.3311293,27.3311293,10.20758379,9.484730287,9.808836621,8.559363558,7.231164654,27.3311293,8.751706727,9.257331619,9.040940451,10.05246531,9.419032647,27.3311293,27.3311293,27.3311293,8.833107052,8.75283187,27.3311293,10.13961528,10.07156593,8.811574796,27.3311293,8.698920232,27.3311293,27.3311293,9.694389846,27.3311293,27.3311293,9.183798542,8.326560329,27.3311293,27.3311293,6.307430097,27.3311293,10.05664128,27.3311293,27.3311293,9.762153397,27.3311293,27.3311293,27.3311293,27.3311293,27.3311293,9.592924073,9.043611894,9.398347759,27.3311293,27.3311293,10.20618249,27.3311293,7.962247796,9.647503274,9.861307619,9.193896113,27.3311293,27.3311293,27.3311293,27.3311293,27.3311293,9.679261075,27.3311293,27.3311293,27.3311293,27.3311293,27.3311293,27.3311293,27.3311293,27.3311293,27.3311293,27.3311293,27.3311293,27.3311293,0,corn,b,5,nitrogen,4
44f,25.23632662,25.23632662,25.23632662,25.23632662,6.203279039,25.23632662,25.23632662,25.23632662,6.730313613,25.23632662,25.23632662,4.470281224,6.991498004,25.23632662,7.541528257,6.233027494,25.23632662,25.23632662,25.23632662,7.152901015,25.23632662,8.01934782,25.23632662,25.23632662,6.743555564,8.171224183,6.742539096,25.23632662,25.23632662,25.23632662,25.23632662,25.23632662,8.229996015,25.23632662,25.23632662,25.23632662,6.345309207,25.23632662,3.800447288,25.23632662,25.23632662,5.993732616,8.065822983,25.23632662,6.108418316,6.741103912,6.026007801,25.23632662,7.728776258,25.23632662,6.779442123,6.250055044,25.23632662,25.23632662,25.23632662,6.636718006,7.206160333,25.23632662,25.23632662,7.454289025,25.23632662,25.23632662,25.23632662,25.23632662,25.23632662,5.913659298,25.23632662,25.23632662,25.23632662,25.23632662,25.23632662,25.23632662,25.23632662,25.23632662,25.23632662,25.23632662,25.23632662,25.23632662,336,mxg,f,87,carbon,2
23b,9.125950103,9.846509404,7.461644717,27.41560181,5.203295192,27.41560181,27.41560181,6.71560853,6.150557338,7.544374027,6.601086386,5.675586664,6.682136628,7.262713149,6.519529021,6.492176494,8.867898741,9.532673451,27.41560181,6.938129608,27.41560181,5.737051694,7.554553493,6.861735618,6.242798689,27.41560181,8.197156158,27.41560181,27.41560181,27.41560181,9.356754746,7.270023863,27.41560181,9.236395401,10.03110444,8.42677235,8.267483953,27.41560181,5.322845549,27.41560181,27.41560181,27.41560181,6.709768262,9.270518812,27.41560181,27.41560181,10.33868219,27.41560181,27.41560181,27.41560181,7.765704705,6.202642949,27.41560181,8.406356113,7.704867556,7.720292286,6.316037443,6.811916145,7.360660899,7.34965515,9.785931421,27.41560181,27.41560181,27.41560181,27.41560181,6.351281264,8.755942089,7.833721844,27.41560181,27.41560181,27.41560181,27.41560181,27.41560181,9.29855367,27.41560181,27.41560181,27.41560181,27.41560181,336,corn,b,5,carbon,3
17b,26.96358074,26.96358074,7.906169515,8.980822995,6.211561667,26.96358074,26.96358074,26.96358074,6.353463471,8.529076121,6.156207612,5.402222058,7.754561174,8.528212472,7.873261207,6.133164774,8.638866432,9.78479623,26.96358074,7.216308673,26.96358074,7.256112556,8.987424164,9.710471195,6.290679953,6.930912433,6.686136682,26.96358074,7.846698097,26.96358074,26.96358074,8.195514404,6.616850535,6.559904647,9.834114554,7.591082317,7.590407519,8.477276062,5.111695514,26.96358074,8.000097208,7.46709759,7.240264209,26.96358074,6.396403877,9.652156865,7.200707584,26.96358074,6.689131422,8.760335968,6.791376565,6.809773245,26.96358074,26.96358074,26.96358074,6.895322154,6.871393019,9.250283823,9.130133888,7.572883048,26.96358074,9.568555916,9.003218941,26.96358074,9.161347627,7.313622814,8.995198477,26.96358074,9.449391223,6.89410505,26.96358074,9.464720789,26.96358074,9.383684471,26.96358074,26.96358074,26.96358074,26.96358074,336,corn,b,5,carbon,2
8b,9.842276793,9.997780773,27.28277167,27.28277167,9.559549453,27.28277167,27.28277167,27.28277167,27.28277167,27.28277167,8.470998392,6.151605664,27.28277167,9.945446011,27.28277167,7.586551979,27.28277167,27.28277167,27.28277167,9.79466341,27.28277167,27.28277167,9.194745613,10.02293884,8.510280039,27.28277167,8.47878426,27.28277167,27.28277167,27.28277167,27.28277167,27.28277167,27.28277167,9.714694827,27.28277167,27.28277167,27.28277167,27.28277167,6.208041651,27.28277167,10.1830603,27.28277167,9.02644561,27.28277167,8.357772325,8.85312587,9.071150547,27.28277167,9.373246309,8.718602376,9.305534379,9.864301329,27.28277167,9.95027576,27.28277167,8.400799015,8.945329906,27.28277167,27.28277167,9.202483311,27.28277167,27.28277167,27.28277167,27.28277167,27.28277167,27.28277167,27.28277167,27.28277167,27.28277167,27.28277167,27.28277167,27.28277167,27.28277167,27.28277167,27.28277167,27.28277167,27.28277167,27.28277167,0,corn,b,5,carbon,2
27f,8.796912546,7.622915174,6.821772125,26.93975985,5.792706646,26.93975985,26.93975985,6.90841321,4.914914214,6.917953786,5.992582211,5.010018975,6.462837389,7.313478231,6.002700859,5.960563803,8.666912563,8.966047951,8.102059376,6.658654072,26.93975985,5.777174927,7.511474802,6.366335121,5.538215042,6.644304835,6.467690158,26.93975985,26.93975985,26.93975985,7.529849838,7.212332406,8.770704765,8.555477515,8.223315495,7.391682054,8.642519081,26.93975985,5.655577936,26.93975985,26.93975985,26.93975985,6.265657699,26.93975985,8.898767254,9.014677912,9.072161352,26.93975985,26.93975985,26.93975985,6.085274207,5.697986981,26.93975985,8.988864032,8.615142912,6.703693921,5.496202145,6.812588187,7.478873923,7.550051982,7.420732136,26.93975985,8.52932971,26.93975985,9.002477443,5.951093621,8.259105555,7.185834156,26.93975985,26.93975985,9.299893477,26.93975985,26.93975985,7.447658843,26.93975985,26.93975985,26.93975985,26.93975985,336,corn,f,87,nitrogen,4
18b,8.029310743,9.191611174,7.487728903,26.80700698,6.631897905,9.295273041,26.80700698,26.80700698,6.295150002,7.842361345,5.710499837,5.173273176,9.398704392,9.140388476,6.829065966,6.880422129,7.72769791,8.022893137,9.601614402,7.674719386,26.80700698,6.327954771,26.80700698,7.935538989,5.957233985,7.442520847,6.053052737,26.80700698,6.856523166,26.80700698,26.80700698,8.515899048,7.007099163,8.375925238,9.767653145,26.80700698,8.363188266,26.80700698,5.496064182,26.80700698,9.331349926,7.202874765,7.006426011,8.523907881,6.358024848,5.864019116,6.669395787,26.80700698,5.664630354,8.547680153,6.061508243,6.541157498,26.80700698,9.058321301,8.26554931,6.575777333,6.210890574,8.828128707,8.011553828,7.641698908,26.80700698,9.44428124,26.80700698,26.80700698,9.14853204,6.347868476,9.442823037,9.533759154,26.80700698,7.174828438,26.80700698,8.871602269,26.80700698,9.429137894,26.80700698,26.80700698,26.80700698,26.80700698,336,corn,b,5,nitrogen,2
2f,26.97560624,26.97560624,9.24979905,26.97560624,7.867208716,26.97560624,26.97560624,8.175001017,7.273962305,9.80592834,7.678399054,6.81269789,9.055293002,8.783528054,7.42152147,7.543992883,26.97560624,9.311968416,26.97560624,26.97560624,26.97560624,9.424785456,7.807993932,26.97560624,6.78810492,9.885698935,9.125117788,26.97560624,26.97560624,26.97560624,26.97560624,8.228128413,26.97560624,8.667552875,9.713341269,8.578875941,26.97560624,26.97560624,6.417724259,26.97560624,26.97560624,26.97560624,9.088251596,8.843478974,26.97560624,26.97560624,26.97560624,26.97560624,26.97560624,26.97560624,8.975596414,7.489713165,26.97560624,26.97560624,9.722827816,9.484079811,7.496179142,26.97560624,8.557846956,26.97560624,26.97560624,26.97560624,26.97560624,26.97560624,26.97560624,7.954747819,26.97560624,26.97560624,26.97560624,26.97560624,26.97560624,26.97560624,26.97560624,26.97560624,26.97560624,26.97560624,26.97560624,26.97560624,0,corn,f,87,carbon,1
38b,7.25504038,7.576097959,6.847349077,7.724176786,5.226725886,27.42485457,9.98795737,5.834958579,5.497374261,7.324993327,5.652805039,5.518597479,6.455529826,6.436342041,5.578938811,5.408003916,6.17890754,7.862071707,27.42485457,6.481927331,27.42485457,5.677240988,6.465222078,6.122174478,5.362486815,7.790607179,7.28748834,27.42485457,9.579261912,27.42485457,9.590966115,6.76063943,9.589088375,7.078867986,7.619060672,6.53765875,8.049826311,9.415980855,5.050255349,27.42485457,27.42485457,27.42485457,6.36847216,7.511465101,27.42485457,27.42485457,8.683390392,27.42485457,27.42485457,27.42485457,5.665698398,5.828474317,9.057553762,7.534816659,6.273163391,7.037555601,5.25186343,5.733821541,6.461958889,8.127793542,7.741430783,9.010553292,7.28081056,27.42485457,8.28491256,6.20586145,6.67472378,6.779499292,27.42485457,27.42485457,9.153994861,27.42485457,27.42485457,6.843368652,27.42485457,27.42485457,27.42485457,27.42485457,336,mxg,b,5,carbon,
27b,9.056549479,9.406658265,7.897463809,26.93463283,5.002531133,26.93463283,26.93463283,6.322652309,5.415676914,7.373941459,5.370401979,5.080281704,7.417654739,7.358548007,5.927302684,5.406470745,7.107390417,8.277667241,9.30808158,7.553333336,26.93463283,5.333552026,6.955057301,6.811004615,5.167714993,7.382116755,7.453461583,26.93463283,26.93463283,26.93463283,8.629105758,6.898759656,26.93463283,26.93463283,7.562825135,9.013028673,9.161520169,26.93463283,4.943895072,26.93463283,26.93463283,26.93463283,6.726279599,9.455492631,26.93463283,26.93463283,8.92285853,26.93463283,26.93463283,26.93463283,5.872687641,6.624541783,26.93463283,8.952115344,7.027556851,7.038283441,5.421935078,6.681581542,8.281838704,8.293695258,8.223264215,9.717583767,7.562576073,26.93463283,9.400609418,6.555971421,7.386499433,7.920893601,26.93463283,26.93463283,26.93463283,9.758870684,26.93463283,6.895246153,26.93463283,26.93463283,26.93463283,26.93463283,336,corn,b,5,nitrogen,4
8f,26.59444414,26.59444414,26.59444414,26.59444414,6.712513433,26.59444414,26.59444414,26.59444414,6.974190336,26.59444414,7.986993594,5.01390687,9.177331171,26.59444414,26.59444414,8.411440097,26.59444414,26.59444414,26.59444414,26.59444414,26.59444414,26.59444414,26.59444414,26.59444414,26.59444414,26.59444414,26.59444414,26.59444414,26.59444414,26.59444414,26.59444414,26.59444414,26.59444414,8.564027226,26.59444414,26.59444414,26.59444414,26.59444414,5.316836259,26.59444414,8.912591134,26.59444414,9.392198638,26.59444414,26.59444414,26.59444414,26.59444414,26.59444414,9.245461938,26.59444414,26.59444414,7.54987806,26.59444414,26.59444414,26.59444414,26.59444414,26.59444414,26.59444414,26.59444414,26.59444414,26.59444414,26.59444414,26.59444414,26.59444414,26.59444414,26.59444414,26.59444414,9.338307983,26.59444414,9.409312361,26.59444414,9.475106574,26.59444414,26.59444414,26.59444414,26.59444414,26.59444414,26.59444414,0,corn,f,87,carbon,2
9f,26.71876216,26.71876216,9.43549323,26.71876216,8.360178436,26.71876216,26.71876216,9.165435494,7.710874571,26.71876216,7.240395969,4.773320849,26.71876216,26.71876216,9.37995818,26.71876216,26.71876216,26.71876216,26.71876216,9.315690242,26.71876216,8.918949097,26.71876216,8.814075286,7.887941681,26.71876216,9.6729905,26.71876216,9.111265903,26.71876216,26.71876216,26.71876216,9.17413962,26.71876216,26.71876216,9.249734259,26.71876216,26.71876216,5.229179886,9.606572582,26.71876216,26.71876216,26.71876216,26.71876216,8.416234928,9.313308457,6.972651992,26.71876216,8.354908794,26.71876216,26.71876216,8.382338215,26.71876216,9.154323595,8.610185918,8.435674057,7.178470167,9.213462712,26.71876216,9.414506991,26.71876216,26.71876216,26.71876216,26.71876216,26.71876216,7.480477848,9.566051436,26.71876216,26.71876216,26.71876216,26.71876216,26.71876216,26.71876216,26.71876216,26.71876216,26.71876216,26.71876216,26.71876216,0,corn,f,87,nitrogen,2
54b,9.495314446,26.75833295,9.222208641,26.75833295,7.701758534,9.389104202,26.75833295,26.75833295,8.821271264,26.75833295,8.575324287,5.340310946,9.532722483,8.181458407,9.098153305,8.178130246,26.75833295,26.75833295,26.75833295,8.402632058,26.75833295,26.75833295,26.75833295,26.75833295,7.560859121,8.092503937,8.864862873,26.75833295,26.75833295,26.75833295,26.75833295,26.75833295,26.75833295,8.935832366,26.75833295,8.409064344,8.686842009,26.75833295,5.383234919,26.75833295,8.198158912,9.113103581,9.262574526,8.902883683,8.062708282,8.254118338,8.764426917,26.75833295,8.729583254,26.75833295,6.870174949,9.715824329,26.75833295,7.180867182,26.75833295,8.084731439,7.830918154,7.82938829,26.75833295,7.779356463,26.75833295,26.75833295,26.75833295,26.75833295,26.75833295,26.75833295,8.647493137,26.75833295,26.75833295,8.31725112,26.75833295,26.75833295,26.75833295,26.75833295,26.75833295,26.75833295,26.75833295,26.75833295,0,mxg,b,5,nitrogen,2
26f,7.776995016,8.275085468,7.176191205,9.69331656,6.115615252,27.05077964,27.05077964,6.726468701,5.662171256,7.50424193,6.156518411,4.904507545,6.42222125,6.734594793,5.693666947,6.175259285,7.834515538,8.590715139,8.814003736,7.267973373,27.05077964,5.69303706,7.570301535,6.002759238,5.032358481,6.553066407,7.134997385,10.02610104,27.05077964,27.05077964,8.785152002,6.120495382,9.98218254,8.598080335,7.424798865,7.351659477,7.997137547,27.05077964,5.079418085,27.05077964,27.05077964,27.05077964,6.335052421,27.05077964,27.05077964,9.925625827,7.709680791,27.05077964,27.05077964,27.05077964,6.481604769,5.945302071,27.05077964,8.603135755,6.921313556,7.785381572,5.808440719,6.308139866,6.98041039,7.721244103,9.040239325,27.05077964,9.861189234,27.05077964,9.589214636,5.997425113,8.672310578,7.316619972,27.05077964,27.05077964,27.05077964,9.764868586,27.05077964,6.766323757,27.05077964,27.05077964,27.05077964,27.05077964,336,corn,f,87,carbon,4
65b,8.648181742,26.67180818,6.22975621,7.564397899,5.293321247,26.67180818,9.646807531,7.220816693,5.624091071,7.928872544,6.219533378,4.664140315,8.370820783,6.739499826,7.218264823,5.498535,7.655594296,7.333007944,26.67180818,6.840075707,26.67180818,6.651906834,8.383126498,7.629635619,6.138264967,6.581008583,6.831554304,26.67180818,6.671741341,26.67180818,26.67180818,8.068688352,7.390021234,6.231365791,8.108821865,7.397156768,7.004316843,26.67180818,4.746238538,8.054911407,9.348437524,7.380567738,7.616158131,8.518636543,6.500990832,6.746860918,6.682547025,26.67180818,6.793475864,9.611084771,5.688542487,5.911140182,8.206752644,7.621070882,7.779789369,7.317256214,5.592250622,6.843216215,7.56457458,6.532077086,8.166824746,7.606686188,26.67180818,26.67180818,26.67180818,5.949907973,8.137237831,9.336389923,8.11228528,5.946005218,26.67180818,26.67180818,26.67180818,8.780967808,26.67180818,26.67180818,26.67180818,26.67180818,336,mxg,b,5,carbon,4
39f,7.928067206,8.282867117,6.885406688,9.357849127,5.82099215,9.57115302,27.08999155,5.779345692,5.341401364,6.66421391,6.096365424,4.816185293,5.964085177,6.030605501,5.985031922,5.203154852,6.702565568,7.79134604,27.08999155,6.430094148,27.08999155,5.054039027,6.334150969,6.313931615,5.181991297,6.864985451,7.871660897,27.08999155,9.194557646,27.08999155,7.843276003,7.182703184,8.424834731,8.786990188,7.763585784,7.169749142,7.834296503,27.08999155,5.539744833,27.08999155,27.08999155,27.08999155,6.066918877,7.510453118,27.08999155,9.048571234,7.921269895,27.08999155,27.08999155,27.08999155,6.323147147,5.083057857,9.624988845,7.694862412,6.139641729,7.934814621,5.26387799,6.72599885,6.738339745,7.54760687,7.526132786,10.02492337,7.309649997,27.08999155,8.208388979,5.82020202,6.691790591,7.766342146,27.08999155,27.08999155,27.08999155,9.912156373,27.08999155,6.741292984,27.08999155,27.08999155,27.08999155,27.08999155,336,mxg,f,87,nitrogen,1
56b,7.666951801,8.860057923,7.648407758,8.699658657,5.019421531,27.67973404,9.352539691,6.061696561,5.094972395,6.88697508,4.936168789,5.119619268,6.292032052,6.164381709,5.968836681,5.679626978,6.890320063,7.101399963,9.148565221,7.663502228,27.67973404,5.482976699,6.893982264,6.390269064,4.593551118,6.99071615,7.174138821,27.67973404,8.088535024,27.67973404,8.637979385,6.906649253,10.34671222,7.668613346,7.519423368,6.73770769,8.880868742,27.67973404,5.10987913,27.67973404,27.67973404,27.67973404,5.855568828,8.216152632,27.67973404,9.654518224,7.934624014,27.67973404,9.663437711,27.67973404,5.509230802,5.372195172,8.645576593,7.911454702,6.45213649,7.071706387,5.111003744,6.578794547,7.887680052,8.488807089,8.004057658,8.085845,9.444465206,27.67973404,7.575767402,5.969999177,6.838622011,7.385323592,27.67973404,27.67973404,8.188612953,10.53495819,27.67973404,6.673596453,27.67973404,27.67973404,27.67973404,27.67973404,336,mxg,b,5,carbon,3
14b,26.64760941,26.64760941,26.64760941,26.64760941,7.05796195,26.64760941,26.64760941,26.64760941,6.541132847,26.64760941,6.423363015,6.062859649,7.8612207,26.64760941,8.669917692,7.033490289,26.64760941,8.32675864,9.310477906,6.974159107,26.64760941,7.472751589,26.64760941,9.13188799,6.306638142,7.996090505,7.954192217,26.64760941,26.64760941,26.64760941,26.64760941,9.502934925,7.148231229,7.408299516,26.64760941,26.64760941,7.996594951,26.64760941,5.719142469,26.64760941,8.537103789,26.64760941,7.785292952,8.49859387,5.474493549,6.222737257,6.728195041,26.64760941,7.65013081,26.64760941,6.693604693,6.785165799,26.64760941,9.424980315,26.64760941,6.773996779,7.612082285,7.669244861,26.64760941,8.941465671,26.64760941,26.64760941,26.64760941,26.64760941,26.64760941,8.816003373,9.482373417,26.64760941,9.416385847,6.414766172,26.64760941,26.64760941,26.64760941,26.64760941,26.64760941,26.64760941,26.64760941,26.64760941,336,corn,b,5,carbon,1
13f,25.19325631,25.19325631,25.19325631,25.19325631,7.461569418,25.19325631,25.19325631,25.19325631,7.231246135,25.19325631,6.003275507,4.195691147,6.002156421,25.19325631,8.062691571,5.930903258,8.097414186,25.19325631,7.244225238,25.19325631,25.19325631,25.19325631,25.19325631,25.19325631,5.643898525,8.190021845,25.19325631,25.19325631,25.19325631,25.19325631,25.19325631,25.19325631,7.530950732,7.27189235,25.19325631,25.19325631,25.19325631,25.19325631,4.039382306,25.19325631,7.353902796,6.54138984,7.015282985,25.19325631,7.153299894,7.447221753,25.19325631,25.19325631,25.19325631,7.95449533,7.95065059,6.826703032,25.19325631,25.19325631,25.19325631,7.736824625,25.19325631,25.19325631,25.19325631,25.19325631,25.19325631,25.19325631,25.19325631,25.19325631,25.19325631,25.19325631,25.19325631,25.19325631,25.19325631,7.268948379,25.19325631,25.19325631,25.19325631,25.19325631,25.19325631,25.19325631,25.19325631,25.19325631,336,corn,f,87,control,1
61b,26.81195336,9.572723577,26.81195336,26.81195336,7.759784419,9.319100813,26.81195336,8.179176076,7.354228315,26.81195336,7.148072681,5.574525385,9.433263906,8.536612907,7.368676545,7.579993196,26.81195336,26.81195336,26.81195336,9.308823622,26.81195336,8.060400712,26.81195336,26.81195336,8.101660579,26.81195336,8.182704281,26.81195336,26.81195336,26.81195336,26.81195336,26.81195336,26.81195336,9.705713056,9.190258604,8.965524794,9.447954764,26.81195336,6.146441161,26.81195336,26.81195336,26.81195336,8.680352326,26.81195336,26.81195336,26.81195336,26.81195336,26.81195336,26.81195336,26.81195336,8.43805635,8.899032304,26.81195336,26.81195336,7.873358357,26.81195336,9.204441533,7.935958429,7.378428557,26.81195336,9.529689857,26.81195336,26.81195336,26.81195336,26.81195336,26.81195336,26.81195336,26.81195336,26.81195336,26.81195336,26.81195336,26.81195336,26.81195336,9.521823586,26.81195336,26.81195336,26.81195336,26.81195336,0,mxg,b,5,control,3
28f,9.41449722,26.61308383,26.61308383,26.61308383,26.61308383,26.61308383,26.61308383,26.61308383,9.20097616,9.070430289,8.305252621,5.808180452,26.61308383,26.61308383,8.418339616,9.567788761,26.61308383,26.61308383,26.61308383,26.61308383,26.61308383,26.61308383,8.544070068,9.18217225,8.517531689,26.61308383,26.61308383,26.61308383,26.61308383,26.61308383,26.61308383,9.546297279,26.61308383,26.61308383,26.61308383,9.331559422,26.61308383,26.61308383,5.589137548,26.61308383,26.61308383,26.61308383,8.865647376,26.61308383,26.61308383,26.61308383,26.61308383,26.61308383,26.61308383,26.61308383,8.368229451,26.61308383,26.61308383,8.93086405,26.61308383,26.61308383,26.61308383,26.61308383,26.61308383,26.61308383,26.61308383,26.61308383,26.61308383,26.61308383,26.61308383,9.219368142,26.61308383,26.61308383,26.61308383,26.61308383,26.61308383,26.61308383,26.61308383,26.61308383,26.61308383,26.61308383,26.61308383,26.61308383,0,corn,f,87,control,3
55f,7.309449219,7.376064876,6.677632713,8.338901957,4.766987578,8.913926647,26.74668117,5.437038382,4.544385708,6.930184223,4.654083437,4.008591538,5.905092889,5.907629362,4.926183095,5.177904581,6.213042183,7.568754074,8.909812122,6.797048919,26.74668117,4.70669363,6.268557853,5.793838428,4.533304141,6.158870016,6.302131391,26.74668117,7.792759809,26.74668117,7.746479759,5.567341892,8.615651752,7.276767844,6.989290072,6.547432767,7.415900307,9.103541653,4.573670788,26.74668117,26.74668117,26.74668117,6.265260623,6.925470711,26.74668117,8.75393018,7.501510761,26.74668117,26.74668117,26.74668117,4.796533833,5.37666881,26.74668117,6.693947341,7.112839673,7.979104059,4.603032155,6.538341416,7.467846399,7.907382538,7.482245842,7.850114246,7.314307602,26.74668117,26.74668117,5.269010788,6.962755516,6.897173115,26.74668117,26.74668117,8.921723596,9.45503299,26.74668117,6.454660785,26.74668117,26.74668117,26.74668117,26.74668117,336,mxg,f,87,control,3
68b,27.18669449,27.18669449,27.18669449,27.18669449,8.02037923,27.18669449,27.18669449,8.781487852,8.219317793,27.18669449,8.315693531,6.569668662,9.608821919,9.42411757,8.9534424,8.073467173,27.18669449,27.18669449,27.18669449,27.18669449,27.18669449,9.824199955,27.18669449,8.842866436,8.291227554,27.18669449,27.18669449,27.18669449,27.18669449,27.18669449,27.18669449,8.711770747,27.18669449,27.18669449,27.18669449,27.18669449,27.18669449,27.18669449,6.803994053,27.18669449,27.18669449,27.18669449,9.075930714,27.18669449,27.18669449,27.18669449,27.18669449,27.18669449,27.18669449,27.18669449,8.703970019,9.626143015,27.18669449,27.18669449,27.18669449,9.717853043,8.924334302,27.18669449,27.18669449,27.18669449,27.18669449,27.18669449,27.18669449,27.18669449,27.18669449,9.165565365,27.18669449,27.18669449,27.18669449,27.18669449,27.18669449,27.18669449,27.18669449,27.18669449,27.18669449,27.18669449,27.18669449,27.18669449,0,mxg,b,5,carbon,4
36f,26.75062691,26.75062691,26.75062691,26.75062691,9.263194834,8.868826526,26.75062691,26.75062691,9.292621044,9.738599218,26.75062691,5.582344617,26.75062691,26.75062691,26.75062691,8.969081934,26.75062691,26.75062691,26.75062691,9.616178591,26.75062691,9.570635188,26.75062691,26.75062691,26.75062691,26.75062691,9.569343232,26.75062691,8.555477817,26.75062691,26.75062691,26.75062691,26.75062691,26.75062691,9.727968965,9.15037957,26.75062691,26.75062691,5.477422588,9.529533412,26.75062691,26.75062691,26.75062691,26.75062691,8.003831564,9.680728549,9.28662457,26.75062691,26.75062691,26.75062691,9.278403375,26.75062691,26.75062691,26.75062691,26.75062691,26.75062691,8.627408732,26.75062691,8.051717349,9.722052999,26.75062691,26.75062691,26.75062691,26.75062691,26.75062691,8.43312323,26.75062691,26.75062691,26.75062691,26.75062691,26.75062691,26.75062691,26.75062691,26.75062691,26.75062691,26.75062691,26.75062691,26.75062691,0,corn,f,87,nitrogen,4
1b,27.33444336,27.33444336,8.897403835,27.33444336,8.465472466,27.33444336,27.33444336,7.657680503,8.270766555,9.554439893,6.609147633,5.847573013,9.285816358,8.553240641,8.039177079,7.271161398,9.552075666,27.33444336,27.33444336,9.586387663,27.33444336,8.605966518,9.045261764,10.16937907,7.811304898,27.33444336,10.20567402,27.33444336,27.33444336,27.33444336,9.92975455,8.340266211,10.29276842,10.01432901,10.15053815,27.33444336,9.916932517,27.33444336,6.36773259,27.33444336,27.33444336,27.33444336,8.839585105,27.33444336,27.33444336,27.33444336,27.33444336,27.33444336,27.33444336,27.33444336,8.33864495,7.921710562,27.33444336,9.373413171,9.217414321,27.33444336,7.753496944,8.612583187,27.33444336,27.33444336,10.00579393,27.33444336,27.33444336,27.33444336,27.33444336,8.127635993,8.915387268,27.33444336,27.33444336,27.33444336,27.33444336,27.33444336,27.33444336,8.763053752,27.33444336,27.33444336,27.33444336,27.33444336,0,corn,b,5,control,1
1f,27.03672614,9.513216654,7.873616253,27.03672614,8.146770554,27.03672614,27.03672614,7.948006702,7.407410263,9.479045328,7.036415624,5.349436699,9.51758098,9.393946661,7.295224939,7.323120074,9.553206164,9.87143816,27.03672614,27.03672614,27.03672614,7.848658143,8.997598409,7.364252464,6.8901959,27.03672614,8.844740665,27.03672614,8.955836439,27.03672614,27.03672614,9.702666452,27.03672614,27.03672614,9.978096575,9.170893649,9.611356756,27.03672614,5.75640184,27.03672614,27.03672614,27.03672614,9.098295221,9.751303095,27.03672614,27.03672614,9.652229699,27.03672614,27.03672614,27.03672614,8.402658634,8.18650119,27.03672614,27.03672614,8.476941026,27.03672614,7.07975078,8.057951932,8.926227314,27.03672614,9.257869571,27.03672614,9.377644624,27.03672614,27.03672614,8.532788728,9.194692723,27.03672614,27.03672614,27.03672614,27.03672614,27.03672614,27.03672614,27.03672614,27.03672614,27.03672614,27.03672614,27.03672614,0,corn,f,87,control,1
45b,25.55450943,25.55450943,25.55450943,25.55450943,8.217628952,25.55450943,7.972812558,7.93782387,5.978639708,25.55450943,8.536804165,3.676152822,25.55450943,25.55450943,7.51736681,5.920051536,25.55450943,25.55450943,25.55450943,25.55450943,25.55450943,6.077568219,25.55450943,8.30946186,7.660724619,7.568089472,25.55450943,25.55450943,25.55450943,25.55450943,25.55450943,7.253984835,6.951591339,7.428120874,25.55450943,7.806479027,6.026334136,25.55450943,4.149128286,25.55450943,25.55450943,8.071696178,7.385293026,25.55450943,5.990718942,5.967442124,7.35254896,25.55450943,25.55450943,25.55450943,6.49698064,6.494326362,25.55450943,25.55450943,25.55450943,6.406991966,7.518148889,8.290745015,25.55450943,7.62706446,25.55450943,25.55450943,8.34649107,25.55450943,25.55450943,6.445433066,25.55450943,25.55450943,25.55450943,6.237956602,25.55450943,25.55450943,25.55450943,25.55450943,25.55450943,25.55450943,25.55450943,25.55450943,336,mxg,b,5,nitrogen,2
9b,9.891823361,27.20126945,9.695332534,27.20126945,9.095831657,27.20126945,27.20126945,27.20126945,8.505505597,9.531095065,7.413451846,5.811654228,27.20126945,9.600740482,9.776172723,9.123790817,27.20126945,27.20126945,27.20126945,9.64198315,27.20126945,7.669241942,27.20126945,27.20126945,27.20126945,9.565367948,27.20126945,27.20126945,8.442176317,27.20126945,27.20126945,27.20126945,9.876285492,9.108649813,9.865204501,27.20126945,9.480947494,27.20126945,5.435813008,27.20126945,27.20126945,27.20126945,9.75568986,27.20126945,27.20126945,27.20126945,10.17980095,27.20126945,8.817290709,10.05086843,27.20126945,8.794628364,27.20126945,9.572068933,8.795059997,8.207753581,8.23257855,27.20126945,27.20126945,27.20126945,27.20126945,27.20126945,27.20126945,27.20126945,27.20126945,9.96920288,27.20126945,9.20109469,27.20126945,10.11007206,27.20126945,9.880461039,27.20126945,27.20126945,27.20126945,27.20126945,27.20126945,27.20126945,0,corn,b,5,nitrogen,2
43b,6.520365447,25.46971375,6.786722147,25.46971375,6.457251858,25.46971375,8.26625738,25.46971375,6.286385724,25.46971375,6.098812394,3.573336499,6.843996205,25.46971375,25.46971375,5.359961584,7.56990231,25.46971375,25.46971375,6.196866844,25.46971375,5.89508537,25.46971375,25.46971375,6.344710081,6.374740008,7.314288584,25.46971375,25.46971375,25.46971375,25.46971375,8.338686869,6.75643658,6.446678159,25.46971375,7.747630281,5.76001543,25.46971375,4.20288927,25.46971375,8.019639107,6.157735629,6.226041188,25.46971375,5.430590579,5.387972831,7.258580349,25.46971375,6.688945147,25.46971375,6.790097842,5.966698394,25.46971375,6.507373593,7.590526642,6.223127222,6.513786901,25.46971375,8.228364939,6.304934757,8.265155991,25.46971375,25.46971375,25.46971375,25.46971375,5.987995489,8.368201756,25.46971375,25.46971375,6.756571248,25.46971375,25.46971375,25.46971375,7.993333563,25.46971375,25.46971375,25.46971375,25.46971375,336,mxg,b,5,control,2
18f,9.014882404,26.35144246,8.27329517,26.35144246,6.888683845,26.35144246,9.218875445,26.35144246,7.371110057,26.35144246,6.925992358,4.273370454,7.478570837,26.35144246,26.35144246,6.248242551,8.173997255,26.35144246,8.401185513,8.259894868,26.35144246,6.345246107,8.514855501,8.82341215,5.753465167,7.205709259,7.41895009,26.35144246,7.724582511,26.35144246,26.35144246,7.798146921,7.596094275,26.35144246,8.218527025,7.853009463,8.918104417,26.35144246,5.314676428,9.311441198,8.152029534,8.550554333,8.58680841,8.517973488,5.749037567,7.012556407,6.101825545,26.35144246,6.991210295,8.651871933,6.5115236,7.003525708,8.706481605,8.478860928,9.026332328,6.868603759,6.292661525,7.941258975,26.35144246,7.995907156,26.35144246,26.35144246,26.35144246,26.35144246,26.35144246,7.222300858,26.35144246,26.35144246,9.211702471,9.08603122,26.35144246,7.4153285,26.35144246,9.295594443,26.35144246,26.35144246,26.35144246,26.35144246,336,corn,f,87,nitrogen,2
57f,7.086887525,8.238814615,6.66318972,26.83620628,4.761451903,9.023163816,9.407339776,5.072514257,5.38983683,6.57836682,5.110988787,4.689774734,5.506401006,6.764361514,5.150983786,4.598855554,6.040945678,8.004220941,26.83620628,7.202926056,26.83620628,5.095022641,6.473877721,6.264146798,4.422438497,6.677382983,6.746591424,26.83620628,7.422833199,26.83620628,8.015547261,5.989755652,9.634224212,7.586061583,6.693944146,6.465062817,8.081304957,26.83620628,4.532059668,26.83620628,26.83620628,9.032623804,5.73402305,7.660212734,26.83620628,9.794645945,8.517072594,26.83620628,8.07207255,26.83620628,5.205505688,5.288661542,7.892092583,7.282245355,6.573200295,7.058350101,5.150641584,6.2995242,5.985714902,7.464156497,8.206077288,7.349283419,8.692907023,26.83620628,6.930501819,5.483161562,7.741096873,6.994585696,26.83620628,26.83620628,8.667529824,26.83620628,26.83620628,6.642129272,26.83620628,26.83620628,26.83620628,26.83620628,336,mxg,f,87,nitrogen,3
49f,26.71360906,9.387375763,26.71360906,26.71360906,8.280530569,26.71360906,26.71360906,9.674962146,26.71360906,9.451069414,9.435013083,5.531776919,26.71360906,26.71360906,26.71360906,8.46572295,26.71360906,9.250705621,26.71360906,8.812590238,26.71360906,26.71360906,8.021379471,26.71360906,8.698315486,26.71360906,8.298004535,26.71360906,7.875798591,26.71360906,26.71360906,26.71360906,26.71360906,8.578545976,8.220142071,26.71360906,26.71360906,9.397082819,5.797513558,26.71360906,26.71360906,26.71360906,9.352684653,26.71360906,26.71360906,26.71360906,8.832146689,26.71360906,26.71360906,26.71360906,26.71360906,8.834497351,26.71360906,26.71360906,8.695124456,8.202648126,8.859722031,8.000744794,26.71360906,26.71360906,26.71360906,26.71360906,26.71360906,26.71360906,26.71360906,7.932677794,26.71360906,26.71360906,26.71360906,26.71360906,26.71360906,26.71360906,26.71360906,26.71360906,26.71360906,26.71360906,26.71360906,26.71360906,0,mxg,f,87,control,1
13b,6.605557908,25.68550567,7.627118003,25.68550567,7.852996561,25.68550567,25.68550567,25.68550567,5.709553855,25.68550567,6.495077724,4.28436879,7.232649692,25.68550567,25.68550567,5.671457291,7.414027145,25.68550567,25.68550567,6.761485443,25.68550567,5.902099342,25.68550567,25.68550567,5.815901531,7.666432117,6.732983731,25.68550567,25.68550567,25.68550567,25.68550567,7.62770732,6.888434419,6.951640691,25.68550567,8.562347012,6.018309325,25.68550567,4.350092931,25.68550567,7.563834221,5.954135855,6.093122862,7.915307517,5.216483032,5.749959914,5.621693241,25.68550567,6.164996021,25.68550567,5.489431149,5.694390231,25.68550567,7.474427042,25.68550567,5.466335877,6.821190277,25.68550567,25.68550567,6.740117257,25.68550567,25.68550567,25.68550567,25.68550567,25.68550567,6.994883952,25.68550567,25.68550567,25.68550567,6.472645466,25.68550567,25.68550567,25.68550567,8.0871267,25.68550567,25.68550567,25.68550567,25.68550567,336,corn,b,5,control,1
25f,7.596444913,26.77672115,6.702667626,26.77672115,5.370610341,26.77672115,26.77672115,7.651802063,5.51563841,6.521428083,6.037429376,4.542606874,6.688280787,7.493170471,5.362207789,6.370886951,7.260002341,7.143136996,8.982544682,6.989862901,26.77672115,5.416751499,7.284958971,6.320075395,5.133182323,6.466411978,6.151696933,26.77672115,8.620437494,26.77672115,7.942551924,6.547496301,26.77672115,8.805788019,8.412676109,7.540614954,8.14533989,26.77672115,4.657739429,9.172123514,26.77672115,26.77672115,7.047137867,9.203256335,26.77672115,26.77672115,9.198522583,26.77672115,26.77672115,26.77672115,6.227550652,5.626709973,26.77672115,8.848629234,7.418345866,7.356691512,5.478581866,6.501383939,7.004485236,7.989793554,9.202386912,26.77672115,8.816843408,9.668591019,9.461922377,5.596725181,8.227438481,6.276142912,26.77672115,26.77672115,26.77672115,9.073064762,26.77672115,6.891197207,26.77672115,26.77672115,26.77672115,26.77672115,336,corn,f,87,control,4
22f,18.56147783,18.56147783,18.56147783,18.56147783,18.56147783,18.56147783,18.56147783,18.56147783,18.56147783,18.56147783,18.56147783,18.56147783,18.56147783,18.56147783,18.56147783,18.56147783,18.56147783,18.56147783,18.56147783,18.56147783,18.56147783,18.56147783,18.56147783,18.56147783,18.56147783,18.56147783,18.56147783,18.56147783,18.56147783,18.56147783,18.56147783,18.56147783,18.56147783,18.56147783,18.56147783,18.56147783,18.56147783,18.56147783,18.56147783,18.56147783,18.56147783,18.56147783,18.56147783,18.56147783,18.56147783,18.56147783,18.56147783,18.56147783,18.56147783,18.56147783,18.56147783,18.56147783,18.56147783,18.56147783,18.56147783,18.56147783,18.56147783,18.56147783,18.56147783,18.56147783,18.56147783,18.56147783,18.56147783,18.56147783,18.56147783,18.56147783,18.56147783,18.56147783,18.56147783,18.56147783,18.56147783,18.56147783,18.56147783,18.56147783,18.56147783,18.56147783,18.56147783,18.56147783,336,corn,f,87,control,3
49b,21.58826559,21.58826559,21.58826559,21.58826559,4.28616259,21.58826559,21.58826559,21.58826559,21.58826559,21.58826559,21.58826559,21.58826559,21.58826559,21.58826559,21.58826559,21.58826559,21.58826559,21.58826559,21.58826559,21.58826559,21.58826559,21.58826559,21.58826559,21.58826559,21.58826559,21.58826559,21.58826559,21.58826559,21.58826559,21.58826559,21.58826559,21.58826559,21.58826559,21.58826559,21.58826559,21.58826559,21.58826559,21.58826559,21.58826559,21.58826559,21.58826559,21.58826559,21.58826559,21.58826559,21.58826559,21.58826559,21.58826559,21.58826559,21.58826559,21.58826559,21.58826559,21.58826559,21.58826559,21.58826559,21.58826559,21.58826559,21.58826559,21.58826559,21.58826559,21.58826559,21.58826559,21.58826559,21.58826559,21.58826559,21.58826559,21.58826559,21.58826559,21.58826559,21.58826559,21.58826559,21.58826559,21.58826559,21.58826559,21.58826559,21.58826559,21.58826559,21.58826559,21.58826559,0,mxg,b,5,control,1
65f,7.941683726,26.03530323,7.56294222,26.03530323,5.416209574,26.03530323,8.054804422,26.03530323,6.547886668,7.307570436,5.372733722,3.92727453,8.339644897,7.726208618,6.902047341,5.765380138,6.82815975,7.734420786,7.934160503,6.282860608,26.03530323,6.751555621,6.878973678,7.502295228,5.0489595,7.112741683,6.072223424,26.03530323,6.61667831,26.03530323,26.03530323,8.345622357,6.12515361,6.308310465,8.035203378,6.756501279,5.769738926,26.03530323,4.268856882,8.448534311,26.03530323,7.029208577,6.490841053,8.748422662,5.638614929,5.366887818,6.263315829,26.03530323,6.287681225,26.03530323,5.990481796,5.886066092,8.124911176,7.403056847,7.405128987,5.799984664,5.185685176,8.233069952,8.299109167,5.971593035,8.297902055,8.191844273,26.03530323,26.03530323,7.002695623,5.395618187,26.03530323,8.492147102,26.03530323,6.826837319,26.03530323,8.64243935,26.03530323,8.364345326,26.03530323,26.03530323,26.03530323,26.03530323,336,mxg,f,87,carbon,4
51f,9.920916308,27.01133204,27.01133204,27.01133204,7.7395349,27.01133204,27.01133204,27.01133204,8.556479042,27.01133204,7.190563941,5.722316228,27.01133204,8.544852573,8.176730865,7.89310288,9.171586627,27.01133204,27.01133204,9.900113553,27.01133204,8.00526007,27.01133204,27.01133204,27.01133204,8.966581485,7.877707498,27.01133204,8.991795489,27.01133204,27.01133204,27.01133204,27.01133204,27.01133204,8.742552249,9.535242409,27.01133204,27.01133204,7.00445353,27.01133204,27.01133204,27.01133204,27.01133204,27.01133204,27.01133204,27.01133204,27.01133204,27.01133204,8.10061018,27.01133204,27.01133204,8.828839135,27.01133204,27.01133204,27.01133204,8.908074697,7.944923911,27.01133204,8.780176332,27.01133204,27.01133204,8.862209966,27.01133204,27.01133204,27.01133204,9.151218037,27.01133204,27.01133204,27.01133204,27.01133204,27.01133204,27.01133204,27.01133204,27.01133204,27.01133204,27.01133204,27.01133204,27.01133204,0,mxg,f,87,nitrogen,1
28b,27.43664767,27.43664767,8.397991985,27.43664767,7.722387613,9.346078517,27.43664767,27.43664767,8.618520615,27.43664767,8.569796096,6.096844208,27.43664767,9.037990862,9.966035701,10.1651614,27.43664767,27.43664767,27.43664767,9.394209516,27.43664767,8.627396151,27.43664767,27.43664767,9.822157241,27.43664767,27.43664767,27.43664767,27.43664767,27.43664767,27.43664767,27.43664767,27.43664767,9.614648383,9.823758617,27.43664767,27.43664767,10.35813761,6.748124725,27.43664767,27.43664767,27.43664767,27.43664767,27.43664767,27.43664767,27.43664767,27.43664767,27.43664767,27.43664767,27.43664767,8.831551295,10.36095987,27.43664767,27.43664767,27.43664767,27.43664767,9.630784707,10.38194048,27.43664767,27.43664767,27.43664767,27.43664767,27.43664767,27.43664767,27.43664767,8.538175576,27.43664767,27.43664767,27.43664767,27.43664767,27.43664767,27.43664767,27.43664767,27.43664767,27.43664767,27.43664767,27.43664767,27.43664767,0,corn,b,5,control,3
26b,8.248148245,8.758644236,7.387902912,27.41771972,6.072504878,9.726356292,27.41771972,6.086859952,5.528468156,8.116495901,5.921713868,5.420899923,7.248585778,7.840289858,6.832831825,6.052212445,7.541142232,7.681372084,27.41771972,7.365984398,27.41771972,6.232977969,7.049599977,6.343667562,5.347459662,7.061226893,6.97187831,27.41771972,27.41771972,27.41771972,9.861265656,6.78851173,8.420045836,9.596306776,8.983706774,7.696520481,7.71464881,27.41771972,5.41011332,27.41771972,27.41771972,27.41771972,6.740333271,8.154953926,27.41771972,10.31492704,8.406724413,27.41771972,27.41771972,27.41771972,5.908009138,6.100064229,27.41771972,8.49778193,7.771220529,8.884703429,5.784066607,7.212124435,7.075742277,8.401788132,8.521018006,27.41771972,9.338644918,10.34721039,10.3384308,6.865115814,8.033890434,7.63730903,27.41771972,27.41771972,27.41771972,27.41771972,27.41771972,7.601925019,27.41771972,27.41771972,27.41771972,27.41771972,336,corn,b,5,carbon,4
39b,7.715621261,6.535456612,6.624251171,8.652050562,5.835815257,8.941040151,27.56015642,6.161421467,5.569725449,7.065619147,6.443124395,4.815870371,6.271764083,6.216855879,5.064361366,5.513400251,6.723662316,7.733411464,10.38025778,6.742992231,27.56015642,5.497415084,6.64678853,6.560342389,5.290846829,7.395259869,6.467910905,27.56015642,7.884542181,27.56015642,8.728478815,7.157578945,8.821846418,7.670610792,7.888043877,6.743593632,7.354306439,10.4018314,5.398939895,9.314341785,27.56015642,27.56015642,5.789791772,7.757026962,27.56015642,9.553829814,8.745501867,27.56015642,27.56015642,27.56015642,5.335134424,5.599752414,27.56015642,7.683835708,7.025721435,7.192203776,5.576320742,5.937708007,6.724682155,8.523378225,7.912473684,8.718608509,8.686643761,27.56015642,9.558615903,5.803582501,6.516924926,6.164263241,27.56015642,27.56015642,9.22756523,10.09386241,27.56015642,7.139689417,27.56015642,27.56015642,27.56015642,27.56015642,336,mxg,b,5,nitrogen,1
17f,7.685760113,8.600556177,7.978523668,9.125031957,5.664901848,26.18894559,26.18894559,8.730254496,4.979073351,9.02435957,5.688120012,4.518101138,8.021403053,8.403569779,7.125685236,7.108725142,7.289777202,7.650526993,8.979571341,6.395728255,26.18894559,6.781860786,26.18894559,7.079394237,5.682674323,6.273123131,6.170603112,26.18894559,7.851483144,26.18894559,26.18894559,7.539379783,7.290454693,7.857693465,7.273830649,7.559589654,8.223031018,26.18894559,4.687451833,26.18894559,7.506262147,7.40412758,7.03325154,7.467572785,6.458474842,6.175933457,5.914382561,26.18894559,5.66670106,26.18894559,8.223878992,6.072754999,26.18894559,9.14462969,26.18894559,7.213941568,5.88836852,8.375706476,8.538314418,6.96609197,26.18894559,9.029626836,9.042764244,26.18894559,26.18894559,6.107061088,26.18894559,7.952796305,26.18894559,6.492115595,26.18894559,26.18894559,26.18894559,8.694035913,26.18894559,26.18894559,26.18894559,26.18894559,336,corn,f,87,carbon,2
66b,6.244047607,7.641496906,7.21102943,7.8729242,4.910916796,26.1995012,8.836980373,7.374171238,5.668353839,7.024454102,5.362596886,4.667868468,7.057315291,6.588963744,7.128155389,5.371582009,6.644416188,6.720983304,7.194463425,6.609396741,26.1995012,5.6729516,8.083428151,7.843830725,5.285649953,6.59925197,6.591652391,26.1995012,7.805109441,26.1995012,26.1995012,6.848549531,6.829157055,6.558455228,26.1995012,6.245765018,6.280265098,26.1995012,4.304737933,8.150795395,7.128399113,6.084073273,6.886909409,7.519489054,6.461959211,6.286113232,4.948643848,26.1995012,6.142663287,26.1995012,6.094115374,5.105099802,7.732618135,6.845639239,26.1995012,6.313738858,5.152261508,6.032273887,7.335127852,5.749107679,9.070908275,9.108751154,7.706183149,26.1995012,7.952557972,5.669992699,8.316145651,7.727137807,8.875726759,7.07308865,26.1995012,26.1995012,26.1995012,8.674584401,26.1995012,26.1995012,26.1995012,26.1995012,336,mxg,b,5,nitrogen,4
54f,25.93468113,25.93468113,25.93468113,25.93468113,25.93468113,25.93468113,25.93468113,25.93468113,8.61933745,25.93468113,25.93468113,5.947029501,25.93468113,25.93468113,25.93468113,8.7440146,8.841433082,25.93468113,25.93468113,25.93468113,25.93468113,25.93468113,25.93468113,25.93468113,8.048718517,25.93468113,25.93468113,25.93468113,25.93468113,25.93468113,25.93468113,25.93468113,25.93468113,25.93468113,25.93468113,8.93165539,25.93468113,25.93468113,5.900361432,25.93468113,25.93468113,25.93468113,8.866783714,25.93468113,25.93468113,25.93468113,8.288514358,25.93468113,25.93468113,25.93468113,8.642915279,8.18258012,25.93468113,25.93468113,25.93468113,25.93468113,25.93468113,25.93468113,25.93468113,8.398185195,25.93468113,25.93468113,25.93468113,25.93468113,25.93468113,8.518209956,25.93468113,25.93468113,25.93468113,7.553570886,25.93468113,25.93468113,25.93468113,25.93468113,25.93468113,25.93468113,25.93468113,25.93468113,0,mxg,f,87,nitrogen,2
35f,22.57592237,22.57592237,22.57592237,22.57592237,22.57592237,22.57592237,22.57592237,22.57592237,22.57592237,22.57592237,22.57592237,22.57592237,22.57592237,22.57592237,22.57592237,22.57592237,22.57592237,22.57592237,22.57592237,22.57592237,22.57592237,22.57592237,22.57592237,22.57592237,22.57592237,22.57592237,22.57592237,22.57592237,22.57592237,22.57592237,22.57592237,22.57592237,22.57592237,22.57592237,22.57592237,22.57592237,22.57592237,22.57592237,22.57592237,22.57592237,22.57592237,22.57592237,22.57592237,22.57592237,22.57592237,22.57592237,22.57592237,22.57592237,22.57592237,22.57592237,22.57592237,22.57592237,22.57592237,22.57592237,22.57592237,22.57592237,22.57592237,22.57592237,22.57592237,22.57592237,22.57592237,22.57592237,22.57592237,22.57592237,22.57592237,22.57592237,22.57592237,22.57592237,22.57592237,22.57592237,22.57592237,22.57592237,22.57592237,22.57592237,22.57592237,22.57592237,22.57592237,22.57592237,0,corn,f,87,carbon,4
62f,22.51622455,22.51622455,22.51622455,22.51622455,22.51622455,22.51622455,22.51622455,22.51622455,22.51622455,22.51622455,22.51622455,5.06777702,22.51622455,22.51622455,22.51622455,22.51622455,22.51622455,22.51622455,22.51622455,22.51622455,22.51622455,22.51622455,22.51622455,22.51622455,22.51622455,22.51622455,22.51622455,22.51622455,22.51622455,22.51622455,22.51622455,22.51622455,22.51622455,22.51622455,22.51622455,22.51622455,22.51622455,22.51622455,3.743171074,22.51622455,22.51622455,22.51622455,22.51622455,22.51622455,22.51622455,22.51622455,22.51622455,22.51622455,22.51622455,22.51622455,22.51622455,22.51622455,22.51622455,5.205217001,22.51622455,22.51622455,22.51622455,22.51622455,22.51622455,22.51622455,22.51622455,22.51622455,22.51622455,22.51622455,22.51622455,22.51622455,22.51622455,22.51622455,22.51622455,22.51622455,22.51622455,22.51622455,22.51622455,22.51622455,22.51622455,22.51622455,22.51622455,22.51622455,0,mxg,f,87,carbon,3
15b,7.526222735,25.65992517,25.65992517,25.65992517,5.818334588,25.65992517,25.65992517,25.65992517,5.535069741,25.65992517,6.465582418,4.161830789,7.942427372,8.288078371,8.547171633,5.877421427,25.65992517,25.65992517,25.65992517,6.519187973,25.65992517,7.617310139,25.65992517,25.65992517,5.827305835,6.66965692,6.394380785,25.65992517,25.65992517,25.65992517,25.65992517,8.052366347,7.09956699,7.26239126,25.65992517,7.653091603,6.740032371,25.65992517,4.896050671,25.65992517,8.500199542,7.590056812,6.678846654,25.65992517,5.297625788,7.040150686,7.407011062,25.65992517,7.079240237,25.65992517,6.895396994,5.877426069,25.65992517,8.026959577,25.65992517,5.507950426,6.69854252,25.65992517,25.65992517,6.674025918,25.65992517,25.65992517,25.65992517,25.65992517,25.65992517,6.845996096,25.65992517,25.65992517,8.065523031,6.293823472,25.65992517,7.604319669,25.65992517,7.411699255,25.65992517,25.65992517,25.65992517,25.65992517,336,corn,b,5,nitrogen,1
24b,8.127791913,9.153311063,7.04284231,27.45686848,6.216862276,27.45686848,27.45686848,6.640551733,5.612581799,7.821744492,5.992424528,5.629958197,7.373741939,8.253534596,6.481787512,6.365346636,7.956157677,9.173156761,27.45686848,7.311218323,27.45686848,5.672833571,7.697088573,7.123819011,5.929324571,8.382696796,7.869002572,27.45686848,9.408897341,27.45686848,10.25558047,7.01511197,9.800106875,9.532720542,8.859215111,8.701402285,9.370285614,27.45686848,5.920078748,27.45686848,27.45686848,27.45686848,7.202295522,9.804011713,27.45686848,27.45686848,8.117259713,27.45686848,27.45686848,27.45686848,6.578384008,6.324187886,27.45686848,9.144124553,7.469176055,8.063948768,6.387812347,7.158119797,7.749987928,8.202038387,9.072811426,10.32083334,9.164074183,27.45686848,27.45686848,6.557785494,7.805887167,7.704036312,27.45686848,27.45686848,27.45686848,10.26631433,27.45686848,8.675289873,27.45686848,27.45686848,27.45686848,27.45686848,336,corn,b,5,nitrogen,3
56f,7.534428001,25.27423422,25.27423422,25.27423422,4.681601435,7.699725589,25.27423422,5.031808084,5.038077648,6.282885269,4.541996837,4.55540195,5.56842633,6.174463492,4.710378668,7.501057057,6.652338659,25.27423422,25.27423422,6.045074801,25.27423422,5.130213005,6.833527994,4.998168467,4.212304371,6.124554475,5.708207072,25.27423422,25.27423422,25.27423422,8.219706544,5.444224208,25.27423422,7.115116737,8.144248267,25.27423422,25.27423422,25.27423422,4.446953931,25.27423422,25.27423422,25.27423422,5.383829663,25.27423422,25.27423422,25.27423422,7.450084116,25.27423422,25.27423422,25.27423422,4.646067411,4.737000491,25.27423422,6.990400618,8.093985459,25.27423422,4.86765506,6.553315077,6.816747357,25.27423422,25.27423422,25.27423422,7.981046946,25.27423422,5.736713385,5.508687797,7.950211534,6.903906899,25.27423422,25.27423422,25.27423422,25.27423422,25.27423422,25.27423422,25.27423422,25.27423422,25.27423422,25.27423422,336,mxg,f,87,carbon,3
55b,8.312743085,7.887241111,6.587372409,8.813005928,5.140623155,27.25989353,27.25989353,5.190471619,5.077630108,6.591650958,5.212428175,4.558865334,6.173358298,6.022017801,5.066842049,5.360844671,6.595476584,7.124798993,27.25989353,6.309680269,27.25989353,5.412735645,7.42660504,5.890098134,4.404100182,7.400665617,7.719739828,27.25989353,7.979444697,27.25989353,8.273965113,5.792481935,10.25046833,8.428986389,7.356009924,6.257086545,9.09510527,27.25989353,4.795615079,27.25989353,27.25989353,27.25989353,5.940980755,7.173174906,27.25989353,9.383560838,8.026051248,27.25989353,9.607189885,27.25989353,5.497360131,5.147883046,8.169314121,7.21346489,7.327197264,6.766059824,4.79041391,6.301170973,6.404768993,7.068544485,8.036215426,8.123459027,7.599178661,27.25989353,9.369693629,5.259058993,6.982052161,7.138802092,27.25989353,27.25989353,8.352791325,9.397807877,27.25989353,6.52973962,27.25989353,27.25989353,27.25989353,27.25989353,336,mxg,b,5,control,3
38f,8.234919365,7.690901549,6.621110557,27.57381502,5.979656155,27.57381502,27.57381502,6.929406668,5.843159982,7.195865177,5.780672697,6.108885656,7.882433335,7.163274378,5.571644669,5.924641662,7.145939692,8.280059504,27.57381502,6.612668726,27.57381502,5.901336964,7.297646209,7.192781253,5.660390027,7.955064521,7.584532895,27.57381502,8.958899553,27.57381502,8.944258625,7.118864349,9.868507261,8.198472983,8.250301429,6.992523178,8.677258032,9.406220737,6.380428953,27.57381502,27.57381502,27.57381502,6.483664321,7.532045708,27.57381502,27.57381502,8.562950539,27.57381502,27.57381502,27.57381502,6.12406856,5.979372031,10.12049441,8.597186404,7.153855006,8.366744644,6.407568213,6.470373429,6.726871714,7.668360874,8.355719633,9.559117583,7.814904201,27.57381502,9.073142669,6.773705555,7.108666341,7.164395356,27.57381502,27.57381502,27.57381502,27.57381502,27.57381502,6.80582274,27.57381502,27.57381502,27.57381502,27.57381502,336,mxg,f,87,carbon,1
30b,27.31156351,9.838267968,27.31156351,27.31156351,27.31156351,27.31156351,27.31156351,27.31156351,8.341082129,27.31156351,9.212198303,5.916916146,10.23518588,10.28523725,9.896088297,8.502124261,27.31156351,27.31156351,27.31156351,27.31156351,27.31156351,9.86991154,9.94960088,27.31156351,27.31156351,27.31156351,27.31156351,10.04216167,27.31156351,27.31156351,27.31156351,27.31156351,27.31156351,27.31156351,9.035647249,10.13321053,27.31156351,27.31156351,6.267112628,27.31156351,27.31156351,27.31156351,27.31156351,27.31156351,27.31156351,27.31156351,10.26299163,27.31156351,27.31156351,27.31156351,9.481226164,9.476446054,27.31156351,27.31156351,27.31156351,9.679368279,9.36598909,27.31156351,9.03594189,27.31156351,27.31156351,27.31156351,10.30179717,27.31156351,27.31156351,9.366297615,27.31156351,27.31156351,27.31156351,27.31156351,27.31156351,27.31156351,27.31156351,27.31156351,27.31156351,27.31156351,27.31156351,27.31156351,0,corn,b,5,nitrogen,3
64f,7.408261626,8.393219961,6.938310198,8.388483596,5.323144986,26.19237554,8.95162702,7.685120651,5.054288595,7.446856217,5.542226053,4.66392233,6.65946448,6.355757335,7.02659178,5.339225474,6.930474017,7.38872231,8.926266626,5.660157265,26.19237554,6.448409637,7.673615523,26.19237554,4.659694281,5.92560956,5.690700804,26.19237554,6.522454358,26.19237554,26.19237554,6.766894793,6.437692023,6.912717297,7.961667933,7.260703229,5.733942528,26.19237554,5.127013916,7.03813026,7.866862766,6.307520673,6.842258708,7.262706839,5.854539671,6.398276981,5.437660489,26.19237554,6.215574226,7.930158487,5.747582581,5.542140957,6.617955385,7.302490471,7.524897461,5.676379906,5.929495798,6.648076097,6.778955391,6.118301494,8.229965984,7.840214533,26.19237554,26.19237554,8.621740595,5.608940337,6.924698486,8.118940444,8.271487707,7.265167976,9.129661373,8.381523001,26.19237554,6.678857068,26.19237554,26.19237554,26.19237554,26.19237554,336,mxg,f,87,control,4
62b,26.97759621,26.97759621,26.97759621,26.97759621,8.637575216,9.426419692,26.97759621,7.746326986,9.535166616,26.97759621,7.280941949,5.787642142,9.380374802,26.97759621,9.950263502,8.936118655,26.97759621,26.97759621,26.97759621,26.97759621,26.97759621,9.326249491,26.97759621,9.693092381,9.690337801,26.97759621,9.417900743,26.97759621,26.97759621,26.97759621,9.691770578,9.683087892,26.97759621,9.240627353,26.97759621,26.97759621,9.302674311,26.97759621,5.820900744,26.97759621,26.97759621,26.97759621,7.862064744,26.97759621,26.97759621,26.97759621,26.97759621,26.97759621,26.97759621,26.97759621,9.627565878,8.416249822,26.97759621,8.411430921,8.836679528,8.695891831,9.238307137,26.97759621,9.528539488,26.97759621,9.224322949,26.97759621,9.534526445,26.97759621,26.97759621,9.434826919,8.852943931,26.97759621,26.97759621,26.97759621,26.97759621,26.97759621,26.97759621,26.97759621,26.97759621,26.97759621,26.97759621,26.97759621,0,mxg,b,5,carbon,3
61f,26.78318338,26.78318338,9.130448934,26.78318338,6.743611491,26.78318338,26.78318338,9.082289121,6.920685136,26.78318338,7.585950559,5.861393226,8.764474509,26.78318338,8.375841833,26.78318338,26.78318338,26.78318338,26.78318338,9.551260711,26.78318338,8.338116982,9.761921799,9.135814614,8.681095807,26.78318338,9.190483483,26.78318338,26.78318338,26.78318338,26.78318338,9.274828122,26.78318338,26.78318338,8.32050448,9.46094209,26.78318338,26.78318338,5.924516682,26.78318338,26.78318338,26.78318338,8.952882645,26.78318338,26.78318338,26.78318338,26.78318338,26.78318338,26.78318338,26.78318338,9.182686363,9.077452074,26.78318338,9.542574512,26.78318338,8.116687124,7.871371406,26.78318338,8.817222603,26.78318338,26.78318338,26.78318338,26.78318338,26.78318338,9.208214069,7.834812423,26.78318338,26.78318338,26.78318338,26.78318338,26.78318338,26.78318338,26.78318338,26.78318338,26.78318338,26.78318338,26.78318338,26.78318338,0,mxg,f,87,control,3
3f,26.88774708,26.88774708,26.88774708,26.88774708,6.598141284,26.88774708,26.88774708,26.88774708,7.894903922,26.88774708,7.447007422,5.521046624,9.136003435,8.258606546,7.606668268,9.595115102,9.38161923,26.88774708,26.88774708,9.105458213,26.88774708,7.495932817,8.764835842,8.515223447,7.426194083,9.872835308,26.88774708,26.88774708,26.88774708,26.88774708,26.88774708,7.564586837,26.88774708,26.88774708,26.88774708,9.110014904,26.88774708,26.88774708,5.886404535,26.88774708,26.88774708,26.88774708,8.263773077,26.88774708,26.88774708,9.868528089,26.88774708,26.88774708,26.88774708,26.88774708,8.441094285,8.011507616,26.88774708,26.88774708,8.935844844,26.88774708,26.88774708,8.579113106,26.88774708,9.478185504,26.88774708,26.88774708,9.877197969,26.88774708,26.88774708,8.78402971,26.88774708,26.88774708,26.88774708,26.88774708,26.88774708,26.88774708,26.88774708,9.618705978,26.88774708,26.88774708,26.88774708,26.88774708,0,corn,f,87,nitrogen,1
45f,7.642178579,25.00322688,25.00322688,25.00322688,5.667556698,25.00322688,25.00322688,25.00322688,7.130502269,25.00322688,6.799237049,4.205302483,7.402896491,7.739944343,25.00322688,5.756240188,7.694601365,7.335341178,25.00322688,6.270030182,25.00322688,6.48925333,25.00322688,25.00322688,5.932617907,6.396530076,6.840436799,25.00322688,7.902837719,25.00322688,25.00322688,6.004799122,7.042452765,6.915935388,25.00322688,7.472326107,7.428546312,25.00322688,4.699906748,25.00322688,7.094932177,6.549581298,25.00322688,7.750703399,5.333766422,6.209558654,5.383479111,25.00322688,25.00322688,25.00322688,6.203163815,6.948472704,25.00322688,7.475418431,25.00322688,6.215050363,5.895092037,7.22555433,7.971960549,7.755531273,25.00322688,25.00322688,25.00322688,25.00322688,25.00322688,7.068567425,25.00322688,25.00322688,25.00322688,25.00322688,25.00322688,7.023319534,25.00322688,25.00322688,25.00322688,25.00322688,25.00322688,25.00322688,336,mxg,f,87,nitrogen,2
30f,26.5460902,26.5460902,26.5460902,26.5460902,9.185057264,26.5460902,26.5460902,26.5460902,7.784011344,9.227884137,8.70760847,5.472212277,26.5460902,26.5460902,26.5460902,9.474489242,26.5460902,26.5460902,26.5460902,26.5460902,26.5460902,26.5460902,9.228518069,8.8521238,8.641767134,26.5460902,26.5460902,26.5460902,26.5460902,26.5460902,26.5460902,26.5460902,26.5460902,26.5460902,26.5460902,26.5460902,26.5460902,26.5460902,5.380237568,26.5460902,26.5460902,26.5460902,26.5460902,26.5460902,26.5460902,26.5460902,26.5460902,26.5460902,26.5460902,26.5460902,9.334663168,26.5460902,26.5460902,26.5460902,8.125418795,26.5460902,26.5460902,26.5460902,26.5460902,26.5460902,26.5460902,26.5460902,26.5460902,26.5460902,26.5460902,8.422944287,26.5460902,26.5460902,26.5460902,26.5460902,26.5460902,26.5460902,26.5460902,26.5460902,26.5460902,26.5460902,26.5460902,26.5460902,0,corn,f,87,nitrogen,3
51b,10.17733091,27.29254776,27.29254776,8.635311169,9.006127817,9.144687577,27.29254776,27.29254776,8.454140275,8.708946247,8.463989732,6.066016391,27.29254776,9.54151451,9.471063906,27.29254776,10.17221912,10.08089659,27.29254776,27.29254776,27.29254776,27.29254776,9.076662167,27.29254776,9.782206019,9.804415545,9.069272981,27.29254776,8.303566032,27.29254776,27.29254776,10.01960965,9.867656074,8.844748655,27.29254776,8.760109697,27.29254776,27.29254776,6.724615553,27.29254776,10.19546765,27.29254776,27.29254776,9.921071047,27.29254776,27.29254776,9.448660891,27.29254776,27.29254776,27.29254776,7.183507313,7.939046913,8.533306373,27.29254776,9.444517827,9.686750508,7.538022414,8.887822046,9.396838286,9.895299734,27.29254776,27.29254776,10.04784326,27.29254776,27.29254776,8.682497587,27.29254776,27.29254776,27.29254776,27.29254776,27.29254776,27.29254776,27.29254776,27.29254776,27.29254776,27.29254776,27.29254776,27.29254776,0,mxg,b,5,nitrogen,1
67b,10.38021316,27.45428363,9.162032476,27.45428363,27.45428363,27.45428363,27.45428363,10.18380849,8.30708562,9.172091811,27.45428363,6.857637451,9.397956494,27.45428363,9.210986564,27.45428363,10.33228031,27.45428363,27.45428363,9.724608546,27.45428363,9.593992229,27.45428363,27.45428363,10.19378934,27.45428363,27.45428363,27.45428363,27.45428363,27.45428363,9.372015817,27.45428363,27.45428363,10.03471035,27.45428363,9.250972308,27.45428363,27.45428363,6.780599336,27.45428363,27.45428363,27.45428363,10.38928577,27.45428363,27.45428363,27.45428363,9.801204843,27.45428363,27.45428363,27.45428363,9.292570869,9.326397273,27.45428363,27.45428363,9.162094806,27.45428363,9.092902777,8.940454847,27.45428363,27.45428363,27.45428363,10.31806199,27.45428363,27.45428363,27.45428363,27.45428363,27.45428363,27.45428363,27.45428363,27.45428363,27.45428363,27.45428363,27.45428363,27.45428363,27.45428363,27.45428363,27.45428363,27.45428363,0,mxg,b,5,control,4
64b,7.649676764,26.17566496,6.274027397,8.04715844,4.352025933,9.094845027,9.06932271,7.861120249,6.030565306,5.375871502,4.917156014,4.146596079,7.210325393,5.957726388,6.438590694,4.736517752,5.563908826,6.199076051,7.83100581,6.104574541,26.17566496,4.691467323,5.944980619,8.195044453,4.501511266,5.67440463,5.223437275,26.17566496,6.639098762,26.17566496,26.17566496,7.878984129,5.757775273,5.742366861,26.17566496,5.280085268,5.058646787,26.17566496,4.349263624,6.30549283,8.57313938,6.030745103,5.20845913,7.224450976,5.736320785,6.048084145,5.160219378,26.17566496,6.479427602,26.17566496,5.000310336,5.408355183,6.16433635,7.417681849,6.243091298,5.174112842,5.112544773,5.781994189,6.207925899,5.181506192,6.534773833,7.22255034,7.751822139,26.17566496,7.436105195,4.989387817,6.821424798,7.333697929,26.17566496,6.666635422,8.605756674,8.278507569,26.17566496,6.478366785,26.17566496,26.17566496,26.17566496,26.17566496,336,mxg,b,5,control,4
14f,25.46058813,25.46058813,8.433766638,25.46058813,6.128167161,25.46058813,7.600339625,25.46058813,6.807216874,25.46058813,6.306354181,4.283615752,8.038253517,25.46058813,25.46058813,7.271974605,25.46058813,25.46058813,25.46058813,7.666451081,25.46058813,7.253457093,25.46058813,8.126686134,5.852285852,25.46058813,25.46058813,25.46058813,25.46058813,25.46058813,25.46058813,25.46058813,25.46058813,6.842862311,25.46058813,25.46058813,25.46058813,25.46058813,4.440375594,25.46058813,25.46058813,25.46058813,7.295437943,7.321816621,5.964145625,6.633505048,7.193201484,25.46058813,5.912205433,25.46058813,7.051648468,7.807240015,25.46058813,25.46058813,25.46058813,7.383362411,5.978998384,25.46058813,25.46058813,6.290332606,25.46058813,25.46058813,25.46058813,25.46058813,25.46058813,6.34062043,25.46058813,25.46058813,25.46058813,8.309229164,25.46058813,25.46058813,25.46058813,8.399898419,25.46058813,25.46058813,25.46058813,25.46058813,336,corn,f,87,carbon,1
16b,8.944706074,26.67241813,7.550725436,8.883037443,5.990728244,26.67241813,8.737954733,9.175528358,5.772569906,7.94786948,5.694114357,4.755967006,9.489328363,7.841700309,6.680984569,5.666178184,7.874934682,8.295786614,26.67241813,7.596611788,26.67241813,5.973257642,8.47506416,7.85796055,7.312441263,6.408134024,6.273078802,26.67241813,7.741923358,26.67241813,26.67241813,7.670096149,6.901930506,6.396032849,26.67241813,7.625644373,8.110133242,26.67241813,5.021118886,26.67241813,8.409387011,7.106089309,7.555348776,7.706127724,5.741319598,7.079879092,6.320341366,26.67241813,6.685197682,9.458738805,6.213778487,5.922256469,9.171824017,7.356590369,26.67241813,6.438968395,6.120728399,6.714817787,9.143436341,7.696786419,26.67241813,9.471291462,26.67241813,26.67241813,26.67241813,6.627218137,8.271903261,26.67241813,26.67241813,6.727178466,26.67241813,8.088250807,26.67241813,7.518855544,26.67241813,26.67241813,26.67241813,26.67241813,336,corn,b,5,control,2
53b,26.92668369,26.92668369,26.92668369,26.92668369,8.209941117,26.92668369,26.92668369,26.92668369,9.453277703,26.92668369,8.312434199,5.491193626,26.92668369,26.92668369,26.92668369,7.516402465,26.92668369,8.89903391,26.92668369,26.92668369,26.92668369,26.92668369,26.92668369,26.92668369,7.734233444,26.92668369,8.208264054,26.92668369,9.851048005,26.92668369,26.92668369,26.92668369,26.92668369,26.92668369,26.92668369,26.92668369,8.847031061,26.92668369,5.794575295,26.92668369,26.92668369,26.92668369,8.898416003,9.376602349,7.875866987,26.92668369,8.147213706,26.92668369,8.189055451,26.92668369,9.686271171,9.106592219,26.92668369,26.92668369,26.92668369,7.953741854,8.151516492,26.92668369,26.92668369,9.271911093,26.92668369,26.92668369,26.92668369,26.92668369,26.92668369,26.92668369,9.841571432,26.92668369,26.92668369,26.92668369,9.628082494,26.92668369,26.92668369,26.92668369,26.92668369,26.92668369,26.92668369,26.92668369,0,mxg,b,5,carbon,2
7f,26.7203404,26.7203404,8.634468512,26.7203404,26.7203404,26.7203404,26.7203404,26.7203404,8.837304725,26.7203404,8.17560889,5.15764822,26.7203404,26.7203404,26.7203404,26.7203404,8.22183926,26.7203404,26.7203404,26.7203404,26.7203404,26.7203404,8.934770628,26.7203404,7.330290625,26.7203404,8.875783207,26.7203404,8.360269095,26.7203404,26.7203404,8.915496619,8.787621098,26.7203404,26.7203404,8.86307095,26.7203404,26.7203404,5.378437132,8.999739772,26.7203404,26.7203404,26.7203404,26.7203404,8.93827834,26.7203404,9.339967684,26.7203404,7.860429215,26.7203404,26.7203404,9.425885667,26.7203404,9.085898713,26.7203404,26.7203404,7.837316415,8.354631068,26.7203404,9.390448742,26.7203404,26.7203404,26.7203404,26.7203404,26.7203404,9.265576276,9.59552967,26.7203404,26.7203404,8.769219382,26.7203404,26.7203404,26.7203404,26.7203404,26.7203404,26.7203404,26.7203404,26.7203404,0,corn,f,87,control,2
25b,7.697863383,8.475778348,7.243986096,26.92677256,5.704672434,26.92677256,26.92677256,5.744604922,5.304327103,6.543470018,6.02664356,4.674948271,6.393138527,7.269889927,6.260265469,6.108272545,7.446587063,9.341500491,9.16899628,7.151668457,26.92677256,6.113522999,8.16571766,6.491830365,5.600038415,7.716300134,7.64049824,26.92677256,26.92677256,26.92677256,7.500027126,7.040433105,8.646044753,26.92677256,7.587962784,6.325222609,7.569684571,26.92677256,4.665409303,26.92677256,26.92677256,26.92677256,5.990752258,9.589782246,26.92677256,26.92677256,9.005601892,26.92677256,26.92677256,26.92677256,6.420966493,5.880373221,26.92677256,7.951691086,6.799400717,7.144267654,5.45992474,6.56337534,7.015473747,7.992355253,7.590474652,26.92677256,7.920592429,9.894745873,26.92677256,6.126386781,8.159756288,8.546387128,26.92677256,26.92677256,26.92677256,9.523756087,26.92677256,7.443404639,26.92677256,26.92677256,26.92677256,26.92677256,336,corn,b,5,control,4
52b,26.7818457,26.7818457,9.074801141,26.7818457,26.7818457,26.7818457,26.7818457,9.547994363,26.7818457,8.784013772,7.858003959,5.674629959,26.7818457,26.7818457,26.7818457,26.7818457,26.7818457,26.7818457,26.7818457,9.413468127,26.7818457,8.865604464,26.7818457,26.7818457,8.52373135,26.7818457,8.711138662,26.7818457,26.7818457,26.7818457,26.7818457,26.7818457,26.7818457,26.7818457,26.7818457,8.806559198,26.7818457,26.7818457,5.52257132,26.7818457,9.537611565,26.7818457,9.562981204,26.7818457,26.7818457,9.289850143,7.949638004,26.7818457,8.217460519,26.7818457,7.7259727,8.563474522,26.7818457,26.7818457,26.7818457,8.344559049,8.856130777,26.7818457,26.7818457,26.7818457,26.7818457,26.7818457,26.7818457,26.7818457,26.7818457,8.281015455,26.7818457,26.7818457,26.7818457,26.7818457,26.7818457,9.570465735,26.7818457,26.7818457,26.7818457,26.7818457,26.7818457,26.7818457,0,mxg,b,5,control,2
67f,26.84506245,26.84506245,26.84506245,26.84506245,8.573788089,26.84506245,26.84506245,8.64854414,7.760275455,26.84506245,9.5828444,5.463638516,9.445281551,9.196404864,7.28279109,6.917807521,9.134520243,26.84506245,26.84506245,26.84506245,26.84506245,26.84506245,26.84506245,8.894109368,9.384404934,26.84506245,8.882238346,26.84506245,26.84506245,26.84506245,26.84506245,7.925787996,26.84506245,26.84506245,26.84506245,9.754339181,26.84506245,26.84506245,6.221707006,26.84506245,26.84506245,26.84506245,8.479040473,26.84506245,26.84506245,26.84506245,26.84506245,26.84506245,26.84506245,26.84506245,8.13631298,8.761872785,26.84506245,26.84506245,9.780530095,26.84506245,9.424552329,26.84506245,26.84506245,26.84506245,26.84506245,8.816686001,26.84506245,26.84506245,9.269934056,8.483505584,26.84506245,26.84506245,26.84506245,26.84506245,26.84506245,26.84506245,26.84506245,26.84506245,26.84506245,26.84506245,26.84506245,26.84506245,0,mxg,f,87,control,4
37f,6.915306311,8.355446872,7.056738904,8.81427669,5.189010309,26.44202292,26.44202292,5.549991974,5.061014402,6.634576194,5.067844133,4.132197872,6.467018667,6.034670468,4.611290965,6.085834098,6.044631504,7.379916526,8.758900283,5.854064023,26.44202292,4.599014127,6.567955533,6.282200382,5.175099641,6.315316168,7.055101441,26.44202292,7.547609849,26.44202292,26.44202292,6.40086456,8.566678415,7.594526056,8.66598576,6.349377754,7.065047844,26.44202292,4.722802363,26.44202292,26.44202292,8.758083851,5.478949834,7.437141048,26.44202292,8.381669787,7.353921676,26.44202292,26.44202292,26.44202292,5.699206436,5.344886843,26.44202292,6.674335916,6.268515777,7.81703207,5.234511863,5.351704779,6.692455015,6.556685079,7.923136828,8.09685499,8.18804529,26.44202292,8.733622729,6.311971403,6.838308854,7.168878056,26.44202292,26.44202292,26.44202292,26.44202292,26.44202292,6.338887454,26.44202292,26.44202292,26.44202292,26.44202292,336,mxg,f,87,control,1
22b,7.759951661,9.683862689,8.978601186,26.9636154,5.753305709,26.9636154,26.9636154,7.01661519,5.605871719,7.261517774,5.104684048,4.651044123,6.119983696,7.461607591,6.093862425,5.672633623,8.585413238,8.489193232,9.897650545,7.943136668,26.9636154,5.880660117,7.547897187,7.166201866,5.298252277,7.337098128,8.372458696,26.9636154,9.839601559,26.9636154,9.254826961,6.94145504,9.34253813,26.9636154,9.03187275,7.972304043,26.9636154,26.9636154,4.752773099,26.9636154,26.9636154,26.9636154,6.566283151,8.369259477,26.9636154,9.257103951,26.9636154,26.9636154,26.9636154,26.9636154,5.63203545,6.269961591,26.9636154,8.380124927,7.301557871,8.887916041,5.549248353,6.619087101,7.42104744,9.144128261,8.66779759,26.9636154,9.649217647,26.9636154,26.9636154,5.8074308,7.731211443,7.086815968,26.9636154,26.9636154,26.9636154,26.9636154,26.9636154,7.535360131,26.9636154,26.9636154,26.9636154,26.9636154,336,corn,b,5,control,3
37b,7.224600695,8.145965151,7.87610472,9.404627664,5.499545014,8.856391043,9.673514193,5.380821962,5.369618909,6.083161939,5.118380105,4.272761349,6.132355008,5.889788477,5.492282883,5.677597788,6.210435284,7.51364521,9.140078851,5.732551491,27.10182242,5.873744108,6.446425192,5.996589878,4.914878581,7.70380242,7.108010049,27.10182242,7.950207854,27.10182242,9.647003764,6.523712703,7.944657063,7.725987876,7.455146834,6.357740584,6.678348553,8.840878161,4.340706555,8.965772338,27.10182242,27.10182242,5.569053335,7.808190599,9.939918441,27.10182242,8.713552938,27.10182242,27.10182242,27.10182242,5.714966374,5.576883997,27.10182242,6.934983216,6.560738227,6.691464462,5.019836757,6.183703802,6.815653117,7.375522507,7.58445698,8.026848425,6.764506706,27.10182242,9.239771936,6.76622579,7.581003636,6.208005975,27.10182242,27.10182242,8.121565806,27.10182242,27.10182242,6.203191242,27.10182242,27.10182242,27.10182242,27.10182242,336,mxg,b,5,control,1
44b,26.33253677,26.33253677,8.772064661,26.33253677,6.311466324,26.33253677,9.275053267,26.33253677,6.890666875,9.054858861,6.914150156,5.257519894,7.429693057,9.154925902,9.161224995,6.169526948,26.33253677,26.33253677,26.33253677,8.22230489,26.33253677,26.33253677,26.33253677,26.33253677,6.903075053,8.015098166,7.376507758,26.33253677,9.318061604,26.33253677,26.33253677,8.271417854,7.063215242,7.53147094,26.33253677,26.33253677,7.535307876,26.33253677,5.3556593,26.33253677,7.496241054,7.766379186,6.956246594,26.33253677,7.226925479,7.204318081,7.243693804,26.33253677,7.916924707,26.33253677,7.128546151,8.010150672,26.33253677,8.377205061,8.134229422,6.944496493,8.416643283,9.08972942,26.33253677,8.008989615,26.33253677,26.33253677,26.33253677,26.33253677,26.33253677,7.174672724,26.33253677,26.33253677,26.33253677,7.928272595,26.33253677,26.33253677,26.33253677,26.33253677,26.33253677,26.33253677,26.33253677,26.33253677,336,mxg,b,5,carbon,2
50b,27.25674103,27.25674103,8.4092964,27.25674103,7.776642799,9.656618696,27.25674103,9.958478488,9.364688368,9.793037706,8.931395577,5.295438259,27.25674103,8.503618403,8.948448806,7.151191088,27.25674103,9.318112209,27.25674103,8.15813701,27.25674103,27.25674103,27.25674103,27.25674103,27.25674103,27.25674103,9.60038142,10.24207282,8.116311053,27.25674103,27.25674103,27.25674103,27.25674103,9.578485555,27.25674103,7.100037975,27.25674103,27.25674103,5.90499877,27.25674103,27.25674103,27.25674103,9.063189578,27.25674103,27.25674103,9.367072816,9.55601161,27.25674103,27.25674103,9.181661375,8.476026713,9.522762544,27.25674103,27.25674103,9.045390903,9.632046164,7.376770436,9.25912813,27.25674103,27.25674103,27.25674103,27.25674103,9.133056738,27.25674103,27.25674103,8.321332437,27.25674103,10.11231444,27.25674103,27.25674103,27.25674103,9.845601774,27.25674103,27.25674103,27.25674103,27.25674103,27.25674103,27.25674103,0,mxg,b,5,carbon,1
57b,7.510934322,8.032193982,6.229786404,8.782810493,4.635651243,26.9785549,9.096578146,5.918433779,4.486901815,5.764506612,4.612760802,4.10005818,6.216118442,5.847847659,4.749360318,4.880699637,7.322151136,6.797404272,9.870711317,6.675861515,26.9785549,4.937067324,6.228776268,5.462962229,4.565005014,6.279481966,6.496256492,26.9785549,7.571493483,26.9785549,7.132046501,6.184800706,9.445946789,6.945665488,6.468411691,6.872988903,7.056794765,9.650737231,4.474115569,26.9785549,26.9785549,26.9785549,5.220802385,8.407437905,9.663449743,26.9785549,7.367726295,26.9785549,9.110570378,26.9785549,4.863004495,4.75075756,26.9785549,6.826059938,6.437861469,7.581613585,4.679838455,6.048575813,6.537298082,7.579328625,7.540164985,7.44198081,7.850961086,26.9785549,7.871456839,4.980633422,6.983861487,6.514702853,26.9785549,26.9785549,8.13339032,8.928755963,26.9785549,8.027573377,26.9785549,26.9785549,26.9785549,26.9785549,336,mxg,b,5,nitrogen,3
24f,26.26600245,26.26600245,7.967797758,26.26600245,6.676696113,26.26600245,26.26600245,6.453762806,6.663284537,6.737367275,6.017304462,3.959238244,6.631089974,8.39788648,5.854073895,6.109105953,8.851769305,8.155413073,26.26600245,7.576140813,26.26600245,6.802837826,7.374312962,5.846706741,6.031692883,7.670184997,7.708333976,26.26600245,26.26600245,26.26600245,8.840635391,6.927346184,26.26600245,26.26600245,7.673636646,8.831546293,8.293377769,26.26600245,4.164859745,26.26600245,26.26600245,26.26600245,5.926961885,8.494366599,26.26600245,26.26600245,8.697615978,26.26600245,26.26600245,26.26600245,5.834113511,6.404922751,26.26600245,7.396684355,8.406121486,26.26600245,6.047411142,8.64241646,8.225133205,8.752688745,8.118187836,26.26600245,26.26600245,26.26600245,26.26600245,5.821241902,8.400493541,7.997011296,26.26600245,26.26600245,26.26600245,26.26600245,26.26600245,8.03427931,26.26600245,26.26600245,26.26600245,26.26600245,336,corn,f,87,nitrogen,3
7b,9.695969384,26.88349738,9.116733781,26.88349738,9.487356045,26.88349738,26.88349738,26.88349738,26.88349738,26.88349738,8.308240088,5.131128402,26.88349738,8.807316058,9.517513787,8.579839656,26.88349738,26.88349738,26.88349738,9.100983991,26.88349738,7.448517768,8.208037372,26.88349738,7.247807672,8.097084813,26.88349738,26.88349738,26.88349738,26.88349738,26.88349738,9.28694833,26.88349738,9.494572977,26.88349738,8.801606234,26.88349738,26.88349738,5.440654718,26.88349738,26.88349738,9.533534819,26.88349738,26.88349738,9.075504244,9.418420248,7.986684386,26.88349738,26.88349738,26.88349738,26.88349738,26.88349738,26.88349738,26.88349738,26.88349738,8.574732851,7.991703032,8.910677929,26.88349738,26.88349738,26.88349738,26.88349738,26.88349738,26.88349738,26.88349738,26.88349738,9.592260186,26.88349738,26.88349738,26.88349738,26.88349738,26.88349738,26.88349738,26.88349738,26.88349738,26.88349738,26.88349738,26.88349738,0,corn,b,5,control,2